timestamp,Open,High,Low,Close,Volume
27.02.2026 00:00:00.000 UTC,110.693,110.731,110.692,110.72,97.8
27.02.2026 00:01:00.000 UTC,110.718,110.746,110.718,110.74,63
27.02.2026 00:02:00.000 UTC,110.74,110.741,110.716,110.723,75.9
27.02.2026 00:03:00.000 UTC,110.721,110.751,110.719,110.749,63
27.02.2026 00:04:00.000 UTC,110.748,110.748,110.717,110.741,117
27.02.2026 00:05:00.000 UTC,110.741,110.767,110.736,110.763,40.8
27.02.2026 00:06:00.000 UTC,110.764,110.772,110.755,110.772,54
27.02.2026 00:07:00.000 UTC,110.775,110.785,110.774,110.776,44.1
27.02.2026 00:08:00.000 UTC,110.778,110.797,110.776,110.785,57.6
27.02.2026 00:09:00.000 UTC,110.785,110.791,110.773,110.79,46.8
27.02.2026 00:10:00.000 UTC,110.792,110.795,110.769,110.773,78.9
27.02.2026 00:11:00.000 UTC,110.775,110.791,110.775,110.791,58.2
27.02.2026 00:12:00.000 UTC,110.794,110.81,110.789,110.803,52.2
27.02.2026 00:13:00.000 UTC,110.803,110.809,110.773,110.78,68.7
27.02.2026 00:14:00.000 UTC,110.782,110.782,110.758,110.762,63.9
27.02.2026 00:15:00.000 UTC,110.764,110.771,110.747,110.756,105.75
27.02.2026 00:16:00.000 UTC,110.755,110.755,110.733,110.738,64.8
27.02.2026 00:17:00.000 UTC,110.739,110.739,110.709,110.712,61.05
27.02.2026 00:18:00.000 UTC,110.711,110.719,110.699,110.717,62.1
27.02.2026 00:19:00.000 UTC,110.718,110.732,110.714,110.732,34.2
27.02.2026 00:20:00.000 UTC,110.73,110.73,110.702,110.704,60.6
27.02.2026 00:21:00.000 UTC,110.699,110.718,110.692,110.71,75.75
27.02.2026 00:22:00.000 UTC,110.709,110.716,110.695,110.695,61.8
27.02.2026 00:23:00.000 UTC,110.694,110.705,110.692,110.702,47.4
27.02.2026 00:24:00.000 UTC,110.7,110.712,110.682,110.707,63.6
27.02.2026 00:25:00.000 UTC,110.702,110.702,110.681,110.693,55.92
27.02.2026 00:26:00.000 UTC,110.693,110.693,110.681,110.683,40.2
27.02.2026 00:27:00.000 UTC,110.683,110.685,110.679,110.681,31.8
27.02.2026 00:28:00.000 UTC,110.685,110.7,110.685,110.7,34.8
27.02.2026 00:29:00.000 UTC,110.701,110.714,110.701,110.705,40.2
27.02.2026 00:30:00.000 UTC,110.706,110.711,110.677,110.677,64.2
27.02.2026 00:31:00.000 UTC,110.677,110.681,110.66,110.66,92.55
27.02.2026 00:32:00.000 UTC,110.662,110.687,110.656,110.681,69.3
27.02.2026 00:33:00.000 UTC,110.68,110.68,110.619,110.635,206.4
27.02.2026 00:34:00.000 UTC,110.638,110.66,110.625,110.66,157.65
27.02.2026 00:35:00.000 UTC,110.658,110.658,110.638,110.644,99.6
27.02.2026 00:36:00.000 UTC,110.644,110.654,110.63,110.646,100.2
27.02.2026 00:37:00.000 UTC,110.642,110.645,110.621,110.622,144
27.02.2026 00:38:00.000 UTC,110.622,110.634,110.607,110.622,133.65
27.02.2026 00:39:00.000 UTC,110.623,110.64,110.615,110.624,99
27.02.2026 00:40:00.000 UTC,110.617,110.624,110.59,110.593,9
27.02.2026 00:41:00.000 UTC,110.591,110.595,110.557,110.563,110.4
27.02.2026 00:42:00.000 UTC,110.563,110.592,110.558,110.579,102.6
27.02.2026 00:43:00.000 UTC,110.579,110.589,110.576,110.577,81
27.02.2026 00:44:00.000 UTC,110.576,110.583,110.562,110.566,130.2
27.02.2026 00:45:00.000 UTC,110.566,110.589,110.559,110.578,143.1
27.02.2026 00:46:00.000 UTC,110.574,110.591,110.546,110.558,122.7
27.02.2026 00:47:00.000 UTC,110.557,110.598,110.557,110.596,96.75
27.02.2026 00:48:00.000 UTC,110.594,110.608,110.557,110.564,162.15
27.02.2026 00:49:00.000 UTC,110.563,110.586,110.556,110.576,150.6
27.02.2026 00:50:00.000 UTC,110.573,110.614,110.573,110.611,157.5
27.02.2026 00:51:00.000 UTC,110.613,110.63,110.603,110.628,111
27.02.2026 00:52:00.000 UTC,110.627,110.654,110.618,110.626,155.85
27.02.2026 00:53:00.000 UTC,110.625,110.641,110.612,110.614,164.4
27.02.2026 00:54:00.000 UTC,110.615,110.632,110.523,110.536,314.1
27.02.2026 00:55:00.000 UTC,110.538,110.579,110.527,110.533,241.35
27.02.2026 00:56:00.000 UTC,110.535,110.571,110.506,110.571,218.7
27.02.2026 00:57:00.000 UTC,110.574,110.598,110.565,110.581,124.8
27.02.2026 00:58:00.000 UTC,110.581,110.627,110.566,110.624,134.55
27.02.2026 00:59:00.000 UTC,110.624,110.659,110.622,110.656,115.8
27.02.2026 01:00:00.000 UTC,110.654,110.664,110.629,110.637,268.5
27.02.2026 01:01:00.000 UTC,110.636,110.689,110.636,110.681,172.2
27.02.2026 01:02:00.000 UTC,110.68,110.683,110.661,110.677,168
27.02.2026 01:03:00.000 UTC,110.677,110.682,110.65,110.676,144.6
27.02.2026 01:04:00.000 UTC,110.675,110.675,110.66,110.661,125.4
27.02.2026 01:05:00.000 UTC,110.66,110.67,110.648,110.665,156
27.02.2026 01:06:00.000 UTC,110.663,110.663,110.64,110.64,170.7
27.02.2026 01:07:00.000 UTC,110.638,110.643,110.608,110.631,121.35
27.02.2026 01:08:00.000 UTC,110.628,110.644,110.609,110.644,102.6
27.02.2026 01:09:00.000 UTC,110.642,110.659,110.631,110.639,156.45
27.02.2026 01:10:00.000 UTC,110.638,110.638,110.601,110.601,202.65
27.02.2026 01:11:00.000 UTC,110.602,110.621,110.589,110.62,151.05
27.02.2026 01:12:00.000 UTC,110.619,110.633,110.615,110.626,127.35
27.02.2026 01:13:00.000 UTC,110.626,110.665,110.62,110.661,107.4
27.02.2026 01:14:00.000 UTC,110.663,110.684,110.661,110.678,127.65
27.02.2026 01:15:00.000 UTC,110.679,110.727,110.667,110.727,272.1
27.02.2026 01:16:00.000 UTC,110.726,110.773,110.712,110.746,248.7
27.02.2026 01:17:00.000 UTC,110.746,110.762,110.725,110.733,217.2
27.02.2026 01:18:00.000 UTC,110.733,110.753,110.71,110.711,226.2
27.02.2026 01:19:00.000 UTC,110.703,110.716,110.674,110.701,218.62
27.02.2026 01:20:00.000 UTC,110.705,110.726,110.699,110.724,173.4
27.02.2026 01:21:00.000 UTC,110.723,110.729,110.707,110.714,133.2
27.02.2026 01:22:00.000 UTC,110.713,110.734,110.702,110.702,165.3
27.02.2026 01:23:00.000 UTC,110.706,110.734,110.692,110.722,182.7
27.02.2026 01:24:00.000 UTC,110.722,110.739,110.71,110.739,179.4
27.02.2026 01:25:00.000 UTC,110.74,110.762,110.736,110.762,155.7
27.02.2026 01:26:00.000 UTC,110.758,110.775,110.746,110.761,164.4
27.02.2026 01:27:00.000 UTC,110.76,110.771,110.731,110.749,87.75
27.02.2026 01:28:00.000 UTC,110.748,110.755,110.714,110.727,127.5
27.02.2026 01:29:00.000 UTC,110.73,110.743,110.718,110.743,148.65
27.02.2026 01:30:00.000 UTC,110.744,110.75,110.706,110.715,275.85
27.02.2026 01:31:00.000 UTC,110.715,110.745,110.713,110.745,193.2
27.02.2026 01:32:00.000 UTC,110.744,110.782,110.744,110.766,199.65
27.02.2026 01:33:00.000 UTC,110.765,110.767,110.746,110.746,140.4
27.02.2026 01:34:00.000 UTC,110.748,110.763,110.738,110.76,115.2
27.02.2026 01:35:00.000 UTC,110.757,110.768,110.747,110.749,141
27.02.2026 01:36:00.000 UTC,110.751,110.754,110.732,110.736,146.4
27.02.2026 01:37:00.000 UTC,110.735,110.752,110.731,110.747,123
27.02.2026 01:38:00.000 UTC,110.748,110.76,110.737,110.753,166.5
27.02.2026 01:39:00.000 UTC,110.754,110.754,110.726,110.742,155.85
27.02.2026 01:40:00.000 UTC,110.74,110.758,110.733,110.736,141.45
27.02.2026 01:41:00.000 UTC,110.737,110.748,110.725,110.729,108.6
27.02.2026 01:42:00.000 UTC,110.73,110.753,110.729,110.751,99.6
27.02.2026 01:43:00.000 UTC,110.754,110.754,110.729,110.732,92.1
27.02.2026 01:44:00.000 UTC,110.731,110.746,110.723,110.732,80.4
27.02.2026 01:45:00.000 UTC,110.731,110.748,110.725,110.736,85.95
27.02.2026 01:46:00.000 UTC,110.737,110.744,110.721,110.725,65.4
27.02.2026 01:47:00.000 UTC,110.724,110.735,110.719,110.726,141
27.02.2026 01:48:00.000 UTC,110.728,110.738,110.716,110.72,95.1
27.02.2026 01:49:00.000 UTC,110.719,110.723,110.697,110.703,138
27.02.2026 01:50:00.000 UTC,110.703,110.739,110.703,110.736,145.2
27.02.2026 01:51:00.000 UTC,110.737,110.745,110.723,110.724,135.6
27.02.2026 01:52:00.000 UTC,110.726,110.748,110.726,110.745,125.1
27.02.2026 01:53:00.000 UTC,110.744,110.811,110.744,110.811,170.55
27.02.2026 01:54:00.000 UTC,110.811,110.811,110.792,110.798,93.45
27.02.2026 01:55:00.000 UTC,110.802,110.809,110.788,110.797,114.75
27.02.2026 01:56:00.000 UTC,110.8,110.812,110.785,110.79,142.8
27.02.2026 01:57:00.000 UTC,110.789,110.803,110.774,110.777,135
27.02.2026 01:58:00.000 UTC,110.777,110.78,110.761,110.774,148.2
27.02.2026 01:59:00.000 UTC,110.775,110.812,110.774,110.809,169.2
27.02.2026 02:00:00.000 UTC,110.814,110.838,110.804,110.804,234.45
27.02.2026 02:01:00.000 UTC,110.802,110.806,110.787,110.803,161.25
27.02.2026 02:02:00.000 UTC,110.804,110.824,110.797,110.799,169.2
27.02.2026 02:03:00.000 UTC,110.798,110.803,110.77,110.78,146.4
27.02.2026 02:04:00.000 UTC,110.778,110.787,110.772,110.782,45
27.02.2026 02:05:00.000 UTC,110.783,110.818,110.783,110.811,162.6
27.02.2026 02:06:00.000 UTC,110.813,110.857,110.813,110.848,139.5
27.02.2026 02:07:00.000 UTC,110.85,110.851,110.816,110.831,159.6
27.02.2026 02:08:00.000 UTC,110.834,110.839,110.825,110.826,106.8
27.02.2026 02:09:00.000 UTC,110.829,110.83,110.817,110.819,79.2
27.02.2026 02:10:00.000 UTC,110.822,110.828,110.799,110.803,106.2
27.02.2026 02:11:00.000 UTC,110.803,110.803,110.779,110.792,107.1
27.02.2026 02:12:00.000 UTC,110.792,110.82,110.791,110.807,93
27.02.2026 02:13:00.000 UTC,110.806,110.808,110.772,110.773,101.1
27.02.2026 02:14:00.000 UTC,110.772,110.778,110.768,110.778,73.8
27.02.2026 02:15:00.000 UTC,110.775,110.807,110.771,110.803,95.4
27.02.2026 02:16:00.000 UTC,110.805,110.833,110.803,110.833,130.8
27.02.2026 02:17:00.000 UTC,110.833,110.833,110.822,110.831,57
27.02.2026 02:18:00.000 UTC,110.829,110.829,110.812,110.828,48.6
27.02.2026 02:19:00.000 UTC,110.828,110.834,110.819,110.82,81.3
27.02.2026 02:20:00.000 UTC,110.823,110.827,110.802,110.81,61.8
27.02.2026 02:21:00.000 UTC,110.813,110.813,110.794,110.796,57.6
27.02.2026 02:22:00.000 UTC,110.796,110.803,110.787,110.793,51.75
27.02.2026 02:23:00.000 UTC,110.795,110.801,110.791,110.794,52.8
27.02.2026 02:24:00.000 UTC,110.794,110.797,110.785,110.791,89.4
27.02.2026 02:25:00.000 UTC,110.79,110.803,110.785,110.803,68.7
27.02.2026 02:26:00.000 UTC,110.804,110.828,110.804,110.825,38.4
27.02.2026 02:27:00.000 UTC,110.821,110.836,110.816,110.828,71.4
27.02.2026 02:28:00.000 UTC,110.827,110.828,110.807,110.817,59.4
27.02.2026 02:29:00.000 UTC,110.818,110.832,110.818,110.827,46.2
27.02.2026 02:30:00.000 UTC,110.827,110.856,110.827,110.85,121.2
27.02.2026 02:31:00.000 UTC,110.85,110.856,110.834,110.836,94.8
27.02.2026 02:32:00.000 UTC,110.836,110.843,110.826,110.843,44.4
27.02.2026 02:33:00.000 UTC,110.844,110.854,110.843,110.854,62.4
27.02.2026 02:34:00.000 UTC,110.857,110.867,110.849,110.853,74.1
27.02.2026 02:35:00.000 UTC,110.855,110.857,110.819,110.82,115.2
27.02.2026 02:36:00.000 UTC,110.82,110.828,110.793,110.794,109.5
27.02.2026 02:37:00.000 UTC,110.791,110.807,110.785,110.805,132.45
27.02.2026 02:38:00.000 UTC,110.806,110.823,110.8,110.802,96
27.02.2026 02:39:00.000 UTC,110.802,110.824,110.795,110.814,131.4
27.02.2026 02:40:00.000 UTC,110.813,110.839,110.798,110.83,198.15
27.02.2026 02:41:00.000 UTC,110.832,110.839,110.821,110.826,99
27.02.2026 02:42:00.000 UTC,110.826,110.847,110.823,110.823,67.2
27.02.2026 02:43:00.000 UTC,110.823,110.836,110.818,110.833,88.8
27.02.2026 02:44:00.000 UTC,110.834,110.848,110.83,110.83,82.95
27.02.2026 02:45:00.000 UTC,110.831,110.846,110.831,110.846,124.2
27.02.2026 02:46:00.000 UTC,110.845,110.868,110.844,110.845,98.4
27.02.2026 02:47:00.000 UTC,110.845,110.855,110.834,110.836,70.2
27.02.2026 02:48:00.000 UTC,110.837,110.848,110.836,110.847,63.6
27.02.2026 02:49:00.000 UTC,110.848,110.857,110.846,110.852,42
27.02.2026 02:50:00.000 UTC,110.851,110.852,110.827,110.837,89.4
27.02.2026 02:51:00.000 UTC,110.836,110.836,110.822,110.827,97.8
27.02.2026 02:52:00.000 UTC,110.824,110.834,110.823,110.833,45
27.02.2026 02:53:00.000 UTC,110.831,110.842,110.819,110.824,72.6
27.02.2026 02:54:00.000 UTC,110.829,110.841,110.825,110.838,89.1
27.02.2026 02:55:00.000 UTC,110.835,110.835,110.822,110.826,75.6
27.02.2026 02:56:00.000 UTC,110.828,110.846,110.828,110.838,90.6
27.02.2026 02:57:00.000 UTC,110.841,110.872,110.839,110.872,112.8
27.02.2026 02:58:00.000 UTC,110.874,110.875,110.854,110.863,133.8
27.02.2026 02:59:00.000 UTC,110.863,110.87,110.846,110.856,99
27.02.2026 03:00:00.000 UTC,110.857,110.864,110.846,110.854,132
27.02.2026 03:01:00.000 UTC,110.854,110.883,110.854,110.883,106.8
27.02.2026 03:02:00.000 UTC,110.883,110.897,110.88,110.889,129
27.02.2026 03:03:00.000 UTC,110.889,110.897,110.885,110.896,9
27.02.2026 03:04:00.000 UTC,110.899,110.92,110.899,110.905,74.4
27.02.2026 03:05:00.000 UTC,110.904,110.912,110.894,110.904,74.1
27.02.2026 03:06:00.000 UTC,110.904,110.915,110.903,110.903,51
27.02.2026 03:07:00.000 UTC,110.905,110.91,110.896,110.91,88.8
27.02.2026 03:08:00.000 UTC,110.908,110.912,110.903,110.912,49.2
27.02.2026 03:09:00.000 UTC,110.91,110.916,110.91,110.91,22.2
27.02.2026 03:10:00.000 UTC,110.91,110.916,110.907,110.908,54.6
27.02.2026 03:11:00.000 UTC,110.909,110.914,110.895,110.895,29.4
27.02.2026 03:12:00.000 UTC,110.895,110.901,110.892,110.899,27.6
27.02.2026 03:13:00.000 UTC,110.899,110.916,110.899,110.911,57.6
27.02.2026 03:14:00.000 UTC,110.908,110.928,110.901,110.924,66.6
27.02.2026 03:15:00.000 UTC,110.922,110.942,110.922,110.942,86.4
27.02.2026 03:16:00.000 UTC,110.942,110.942,110.927,110.941,60.6
27.02.2026 03:17:00.000 UTC,110.94,110.944,110.918,110.922,89.4
27.02.2026 03:18:00.000 UTC,110.924,110.936,110.917,110.934,42
27.02.2026 03:19:00.000 UTC,110.933,110.935,110.919,110.93,43.5
27.02.2026 03:20:00.000 UTC,110.928,110.929,110.907,110.909,77.85
27.02.2026 03:21:00.000 UTC,110.909,110.919,110.9,110.908,53.4
27.02.2026 03:22:00.000 UTC,110.905,110.91,110.894,110.907,70.5
27.02.2026 03:23:00.000 UTC,110.909,110.916,110.905,110.905,58.2
27.02.2026 03:24:00.000 UTC,110.905,110.905,110.879,110.879,48
27.02.2026 03:25:00.000 UTC,110.88,110.884,110.865,110.871,88.2
27.02.2026 03:26:00.000 UTC,110.871,110.879,110.858,110.87,72.3
27.02.2026 03:27:00.000 UTC,110.87,110.886,110.862,110.883,55.2
27.02.2026 03:28:00.000 UTC,110.884,110.884,110.863,110.875,79.2
27.02.2026 03:29:00.000 UTC,110.875,110.879,110.861,110.866,72.07
27.02.2026 03:30:00.000 UTC,110.867,110.875,110.848,110.848,81.6
27.02.2026 03:31:00.000 UTC,110.85,110.858,110.844,110.848,63.6
27.02.2026 03:32:00.000 UTC,110.849,110.868,110.849,110.863,53.4
27.02.2026 03:33:00.000 UTC,110.864,110.87,110.861,110.87,31.2
27.02.2026 03:34:00.000 UTC,110.872,110.874,110.859,110.864,50.4
27.02.2026 03:35:00.000 UTC,110.861,110.861,110.843,110.843,62.1
27.02.2026 03:36:00.000 UTC,110.843,110.874,110.839,110.871,89.4
27.02.2026 03:37:00.000 UTC,110.869,110.869,110.832,110.84,69.9
27.02.2026 03:38:00.000 UTC,110.839,110.864,110.837,110.847,52.2
27.02.2026 03:39:00.000 UTC,110.846,110.852,110.826,110.834,49.05
27.02.2026 03:40:00.000 UTC,110.835,110.843,110.835,110.837,35.4
27.02.2026 03:41:00.000 UTC,110.839,110.857,110.839,110.857,33
27.02.2026 03:42:00.000 UTC,110.859,110.86,110.852,110.852,27
27.02.2026 03:43:00.000 UTC,110.856,110.865,110.855,110.865,24.6
27.02.2026 03:44:00.000 UTC,110.866,110.885,110.865,110.885,18.6
27.02.2026 03:45:00.000 UTC,110.885,110.886,110.878,110.884,40.2
27.02.2026 03:46:00.000 UTC,110.884,110.907,110.878,110.896,123.6
27.02.2026 03:47:00.000 UTC,110.894,110.899,110.874,110.876,42
27.02.2026 03:48:00.000 UTC,110.876,110.909,110.876,110.899,72.6
27.02.2026 03:49:00.000 UTC,110.897,110.909,110.893,110.899,39.6
27.02.2026 03:50:00.000 UTC,110.897,110.906,110.897,110.901,30.6
27.02.2026 03:51:00.000 UTC,110.9,110.9,110.89,110.898,45.6
27.02.2026 03:52:00.000 UTC,110.897,110.901,110.884,110.887,75.9
27.02.2026 03:53:00.000 UTC,110.888,110.891,110.876,110.884,70.35
27.02.2026 03:54:00.000 UTC,110.885,110.889,110.873,110.873,78.9
27.02.2026 03:55:00.000 UTC,110.877,110.887,110.875,110.884,49.8
27.02.2026 03:56:00.000 UTC,110.883,110.896,110.882,110.889,39
27.02.2026 03:57:00.000 UTC,110.888,110.888,110.87,110.87,55.2
27.02.2026 03:58:00.000 UTC,110.87,110.872,110.858,110.86,54.3
27.02.2026 03:59:00.000 UTC,110.861,110.886,110.861,110.881,49.2
27.02.2026 04:00:00.000 UTC,110.882,110.89,110.872,110.878,75
27.02.2026 04:01:00.000 UTC,110.876,110.876,110.849,110.856,72
27.02.2026 04:02:00.000 UTC,110.858,110.858,110.852,110.854,22.2
27.02.2026 04:03:00.000 UTC,110.854,110.865,110.852,110.864,3
27.02.2026 04:04:00.000 UTC,110.864,110.884,110.864,110.882,39.6
27.02.2026 04:05:00.000 UTC,110.884,110.886,110.872,110.875,48.9
27.02.2026 04:06:00.000 UTC,110.876,110.887,110.87,110.883,42
27.02.2026 04:07:00.000 UTC,110.889,110.897,110.886,110.897,34.8
27.02.2026 04:08:00.000 UTC,110.897,110.897,110.885,110.891,49.8
27.02.2026 04:09:00.000 UTC,110.892,110.903,110.889,110.901,42
27.02.2026 04:10:00.000 UTC,110.899,110.905,110.888,110.89,52.2
27.02.2026 04:11:00.000 UTC,110.89,110.899,110.882,110.899,33
27.02.2026 04:12:00.000 UTC,110.902,110.913,110.897,110.912,39
27.02.2026 04:13:00.000 UTC,110.914,110.92,110.911,110.92,28.2
27.02.2026 04:14:00.000 UTC,110.919,110.935,110.915,110.93,32.7
27.02.2026 04:15:00.000 UTC,110.932,110.938,110.915,110.921,89.4
27.02.2026 04:16:00.000 UTC,110.92,110.92,110.87,110.87,66.6
27.02.2026 04:17:00.000 UTC,110.871,110.872,110.856,110.859,77.4
27.02.2026 04:18:00.000 UTC,110.861,110.879,110.858,110.877,70.5
27.02.2026 04:19:00.000 UTC,110.876,110.88,110.864,110.873,106.2
27.02.2026 04:20:00.000 UTC,110.875,110.893,110.87,110.892,148.8
27.02.2026 04:21:00.000 UTC,110.889,110.914,110.88,110.885,176.1
27.02.2026 04:22:00.000 UTC,110.883,110.883,110.855,110.858,67.2
27.02.2026 04:23:00.000 UTC,110.86,110.863,110.837,110.862,82.8
27.02.2026 04:24:00.000 UTC,110.862,110.864,110.853,110.854,40.8
27.02.2026 04:25:00.000 UTC,110.853,110.855,110.817,110.832,140.1
27.02.2026 04:26:00.000 UTC,110.832,110.835,110.813,110.815,72
27.02.2026 04:27:00.000 UTC,110.817,110.821,110.812,110.814,61.8
27.02.2026 04:28:00.000 UTC,110.812,110.832,110.812,110.824,80.4
27.02.2026 04:29:00.000 UTC,110.825,110.833,110.819,110.821,66
27.02.2026 04:30:00.000 UTC,110.819,110.837,110.817,110.837,82.05
27.02.2026 04:31:00.000 UTC,110.839,110.851,110.839,110.84,36.3
27.02.2026 04:32:00.000 UTC,110.839,110.859,110.839,110.856,60.9
27.02.2026 04:33:00.000 UTC,110.853,110.853,110.834,110.834,41.4
27.02.2026 04:34:00.000 UTC,110.834,110.846,110.833,110.845,27.6
27.02.2026 04:35:00.000 UTC,110.844,110.845,110.833,110.836,62.1
27.02.2026 04:36:00.000 UTC,110.836,110.869,110.836,110.866,73.2
27.02.2026 04:37:00.000 UTC,110.861,110.867,110.85,110.867,59.55
27.02.2026 04:38:00.000 UTC,110.865,110.865,110.819,110.819,110.4
27.02.2026 04:39:00.000 UTC,110.819,110.822,110.813,110.82,71.4
27.02.2026 04:40:00.000 UTC,110.819,110.822,110.802,110.821,86.4
27.02.2026 04:41:00.000 UTC,110.821,110.844,110.82,110.837,69.6
27.02.2026 04:42:00.000 UTC,110.835,110.842,110.826,110.83,32.4
27.02.2026 04:43:00.000 UTC,110.831,110.837,110.822,110.834,33
27.02.2026 04:44:00.000 UTC,110.834,110.836,110.827,110.833,45.6
27.02.2026 04:45:00.000 UTC,110.837,110.84,110.827,110.827,69
27.02.2026 04:46:00.000 UTC,110.826,110.831,110.815,110.815,54.3
27.02.2026 04:47:00.000 UTC,110.818,110.828,110.795,110.796,60.45
27.02.2026 04:48:00.000 UTC,110.797,110.809,110.795,110.807,55.8
27.02.2026 04:49:00.000 UTC,110.808,110.82,110.808,110.816,41.4
27.02.2026 04:50:00.000 UTC,110.817,110.834,110.816,110.834,46.2
27.02.2026 04:51:00.000 UTC,110.834,110.838,110.832,110.832,22.2
27.02.2026 04:52:00.000 UTC,110.832,110.838,110.817,110.819,48.3
27.02.2026 04:53:00.000 UTC,110.821,110.833,110.815,110.829,35.4
27.02.2026 04:54:00.000 UTC,110.827,110.84,110.825,110.84,46.2
27.02.2026 04:55:00.000 UTC,110.839,110.84,110.813,110.835,85.8
27.02.2026 04:56:00.000 UTC,110.834,110.84,110.83,110.84,44.4
27.02.2026 04:57:00.000 UTC,110.839,110.854,110.835,110.843,89.4
27.02.2026 04:58:00.000 UTC,110.841,110.847,110.831,110.845,96.6
27.02.2026 04:59:00.000 UTC,110.846,110.868,110.846,110.853,96.6
27.02.2026 05:00:00.000 UTC,110.854,110.88,110.845,110.88,140.1
27.02.2026 05:01:00.000 UTC,110.879,110.887,110.873,110.881,41.4
27.02.2026 05:02:00.000 UTC,110.88,110.88,110.856,110.869,80.1
27.02.2026 05:03:00.000 UTC,110.868,110.876,110.864,110.875,59.7
27.02.2026 05:04:00.000 UTC,110.874,110.894,110.873,110.885,127.5
27.02.2026 05:05:00.000 UTC,110.882,110.907,110.882,110.894,84.6
27.02.2026 05:06:00.000 UTC,110.892,110.905,110.88,110.901,55.2
27.02.2026 05:07:00.000 UTC,110.902,110.905,110.891,110.894,50.7
27.02.2026 05:08:00.000 UTC,110.893,110.91,110.887,110.908,58.8
27.02.2026 05:09:00.000 UTC,110.909,110.914,110.897,110.897,28.2
27.02.2026 05:10:00.000 UTC,110.897,110.901,110.893,110.898,48.6
27.02.2026 05:11:00.000 UTC,110.899,110.899,110.881,110.899,45
27.02.2026 05:12:00.000 UTC,110.898,110.909,110.895,110.899,47.4
27.02.2026 05:13:00.000 UTC,110.9,110.914,110.9,110.914,35.4
27.02.2026 05:14:00.000 UTC,110.915,110.936,110.91,110.936,55.2
27.02.2026 05:15:00.000 UTC,110.933,110.941,110.931,110.936,72.6
27.02.2026 05:16:00.000 UTC,110.938,110.946,110.922,110.94,75
27.02.2026 05:17:00.000 UTC,110.942,110.944,110.933,110.94,63.9
27.02.2026 05:18:00.000 UTC,110.939,110.95,110.938,110.948,51.3
27.02.2026 05:19:00.000 UTC,110.946,110.966,110.945,110.966,59.55
27.02.2026 05:20:00.000 UTC,110.968,110.995,110.968,110.995,77.7
27.02.2026 05:21:00.000 UTC,110.993,110.995,110.962,110.97,72
27.02.2026 05:22:00.000 UTC,110.975,110.985,110.971,110.984,48
27.02.2026 05:23:00.000 UTC,110.983,110.992,110.98,110.984,40.8
27.02.2026 05:24:00.000 UTC,110.985,111.005,110.985,111.005,36
27.02.2026 05:25:00.000 UTC,111.004,111.04,111.004,111.04,46.8
27.02.2026 05:26:00.000 UTC,111.048,111.069,111.048,111.063,75
27.02.2026 05:27:00.000 UTC,111.063,111.064,111.047,111.056,52.2
27.02.2026 05:28:00.000 UTC,111.056,111.088,111.056,111.075,88.2
27.02.2026 05:29:00.000 UTC,111.075,111.08,111.067,111.076,49.2
27.02.2026 05:30:00.000 UTC,111.076,111.088,111.071,111.079,158.4
27.02.2026 05:31:00.000 UTC,111.08,111.083,111.052,111.057,70.2
27.02.2026 05:32:00.000 UTC,111.057,111.068,111.052,111.06,75
27.02.2026 05:33:00.000 UTC,111.058,111.058,111.033,111.047,75.6
27.02.2026 05:34:00.000 UTC,111.046,111.052,111.046,111.048,45
27.02.2026 05:35:00.000 UTC,111.049,111.059,111.042,111.052,102
27.02.2026 05:36:00.000 UTC,111.051,111.065,111.048,111.048,69.9
27.02.2026 05:37:00.000 UTC,111.05,111.08,111.043,111.078,88.2
27.02.2026 05:38:00.000 UTC,111.074,111.074,111.04,111.048,91.95
27.02.2026 05:39:00.000 UTC,111.047,111.047,111.034,111.042,63.9
27.02.2026 05:40:00.000 UTC,111.04,111.056,111.04,111.047,77.4
27.02.2026 05:41:00.000 UTC,111.049,111.049,111.036,111.047,66
27.02.2026 05:42:00.000 UTC,111.048,111.054,111.04,111.047,54
27.02.2026 05:43:00.000 UTC,111.046,111.068,111.046,111.056,65.4
27.02.2026 05:44:00.000 UTC,111.056,111.06,111.047,111.053,66.9
27.02.2026 05:45:00.000 UTC,111.055,111.074,111.055,111.065,48
27.02.2026 05:46:00.000 UTC,111.066,111.076,111.065,111.074,27.45
27.02.2026 05:47:00.000 UTC,111.075,111.082,111.075,111.082,45
27.02.2026 05:48:00.000 UTC,111.081,111.081,111.063,111.066,40.8
27.02.2026 05:49:00.000 UTC,111.066,111.072,111.046,111.046,46.2
27.02.2026 05:50:00.000 UTC,111.047,111.063,111.04,111.063,80.85
27.02.2026 05:51:00.000 UTC,111.063,111.067,111.053,111.053,60.6
27.02.2026 05:52:00.000 UTC,111.056,111.056,111.036,111.036,54.6
27.02.2026 05:53:00.000 UTC,111.035,111.036,110.996,111.013,105
27.02.2026 05:54:00.000 UTC,111.014,111.026,110.997,111.004,85.5
27.02.2026 05:55:00.000 UTC,111.005,111.041,111.005,111.031,176.7
27.02.2026 05:56:00.000 UTC,111.03,111.06,111.026,111.044,169.87
27.02.2026 05:57:00.000 UTC,111.046,111.05,111.025,111.039,100.2
27.02.2026 05:58:00.000 UTC,111.039,111.048,111.03,111.034,70.8
27.02.2026 05:59:00.000 UTC,111.034,111.047,111.034,111.044,83.4
27.02.2026 06:00:00.000 UTC,111.045,111.066,111.025,111.031,168.9
27.02.2026 06:01:00.000 UTC,111.031,111.041,111.02,111.02,93
27.02.2026 06:02:00.000 UTC,111.021,111.037,111.02,111.031,67.8
27.02.2026 06:03:00.000 UTC,111.029,111.041,111.011,111.039,92.55
27.02.2026 06:04:00.000 UTC,111.038,111.049,111.037,111.048,79.5
27.02.2026 06:05:00.000 UTC,111.047,111.058,111.04,111.053,62.55
27.02.2026 06:06:00.000 UTC,111.054,111.079,111.051,111.053,70.8
27.02.2026 06:07:00.000 UTC,111.054,111.056,111.023,111.028,70.95
27.02.2026 06:08:00.000 UTC,111.027,111.041,111.027,111.037,37.2
27.02.2026 06:09:00.000 UTC,111.036,111.045,111.034,111.039,64.8
27.02.2026 06:10:00.000 UTC,111.039,111.039,111.006,111.009,68.25
27.02.2026 06:11:00.000 UTC,111.011,111.032,111.008,111.024,67.2
27.02.2026 06:12:00.000 UTC,111.029,111.033,111.015,111.015,66
27.02.2026 06:13:00.000 UTC,111.013,111.014,110.994,111.002,80.1
27.02.2026 06:14:00.000 UTC,111.004,111.024,111.004,111.018,102.75
27.02.2026 06:15:00.000 UTC,111.017,111.022,111,111.001,95.1
27.02.2026 06:16:00.000 UTC,111.003,111.007,110.999,111.004,55.8
27.02.2026 06:17:00.000 UTC,111.005,111.023,111.005,111.021,89.7
27.02.2026 06:18:00.000 UTC,111.02,111.02,110.999,111,82.5
27.02.2026 06:19:00.000 UTC,110.998,111.01,110.994,110.998,112.65
27.02.2026 06:20:00.000 UTC,110.999,111.023,110.997,111.023,114.6
27.02.2026 06:21:00.000 UTC,111.025,111.025,111.006,111.007,108.6
27.02.2026 06:22:00.000 UTC,111.007,111.024,110.999,111.023,87.6
27.02.2026 06:23:00.000 UTC,111.025,111.025,111.006,111.014,70.5
27.02.2026 06:24:00.000 UTC,111.015,111.023,111.009,111.013,67.2
27.02.2026 06:25:00.000 UTC,111.006,111.006,110.978,110.993,97.2
27.02.2026 06:26:00.000 UTC,110.992,111.018,110.988,111.009,128.85
27.02.2026 06:27:00.000 UTC,111.007,111.014,110.991,110.993,140.4
27.02.2026 06:28:00.000 UTC,110.992,110.995,110.98,110.995,96.9
27.02.2026 06:29:00.000 UTC,110.996,111.022,110.996,111.022,92.4
27.02.2026 06:30:00.000 UTC,111.027,111.063,111.02,111.043,172.8
27.02.2026 06:31:00.000 UTC,111.044,111.052,111.023,111.024,158.7
27.02.2026 06:32:00.000 UTC,111.024,111.037,111.014,111.015,85.35
27.02.2026 06:33:00.000 UTC,111.013,111.023,110.998,111.006,100.8
27.02.2026 06:34:00.000 UTC,111.007,111.063,111.007,111.062,117
27.02.2026 06:35:00.000 UTC,111.06,111.08,111.049,111.079,116.7
27.02.2026 06:36:00.000 UTC,111.078,111.091,111.065,111.089,123.75
27.02.2026 06:37:00.000 UTC,111.092,111.107,111.084,111.098,113.7
27.02.2026 06:38:00.000 UTC,111.096,111.098,111.084,111.088,84
27.02.2026 06:39:00.000 UTC,111.089,111.105,111.089,111.098,63
27.02.2026 06:40:00.000 UTC,111.102,111.106,111.089,111.091,90.9
27.02.2026 06:41:00.000 UTC,111.091,111.098,111.086,111.088,42.6
27.02.2026 06:42:00.000 UTC,111.087,111.099,111.082,111.084,76.2
27.02.2026 06:43:00.000 UTC,111.087,111.092,111.087,111.09,35.4
27.02.2026 06:44:00.000 UTC,111.087,111.1,111.087,111.099,73.2
27.02.2026 06:45:00.000 UTC,111.101,111.107,111.087,111.09,75.6
27.02.2026 06:46:00.000 UTC,111.091,111.096,111.074,111.076,45.6
27.02.2026 06:47:00.000 UTC,111.077,111.09,111.077,111.087,55.8
27.02.2026 06:48:00.000 UTC,111.089,111.094,111.068,111.071,65.4
27.02.2026 06:49:00.000 UTC,111.072,111.074,111.055,111.055,67.05
27.02.2026 06:50:00.000 UTC,111.058,111.064,111.05,111.052,80.55
27.02.2026 06:51:00.000 UTC,111.051,111.051,111.037,111.05,63.3
27.02.2026 06:52:00.000 UTC,111.053,111.074,111.052,111.066,55.2
27.02.2026 06:53:00.000 UTC,111.068,111.071,111.053,111.059,78.6
27.02.2026 06:54:00.000 UTC,111.058,111.064,111.054,111.057,58.2
27.02.2026 06:55:00.000 UTC,111.058,111.061,111.039,111.04,87.9
27.02.2026 06:56:00.000 UTC,111.039,111.055,111.039,111.04,80.7
27.02.2026 06:57:00.000 UTC,111.04,111.053,111.039,111.052,60.75
27.02.2026 06:58:00.000 UTC,111.055,111.065,111.047,111.064,57.6
27.02.2026 06:59:00.000 UTC,111.062,111.073,111.061,111.068,42
27.02.2026 07:00:00.000 UTC,111.077,111.103,111.07,111.103,115.2
27.02.2026 07:01:00.000 UTC,111.105,111.122,111.105,111.112,69.15
27.02.2026 07:02:00.000 UTC,111.115,111.128,111.105,111.122,57.6
27.02.2026 07:03:00.000 UTC,111.125,111.125,111.108,111.111,69.6
27.02.2026 07:04:00.000 UTC,111.11,111.124,111.101,111.101,67.2
27.02.2026 07:05:00.000 UTC,111.102,111.126,111.102,111.121,74.4
27.02.2026 07:06:00.000 UTC,111.119,111.125,111.109,111.109,94.2
27.02.2026 07:07:00.000 UTC,111.108,111.12,111.097,111.118,79.95
27.02.2026 07:08:00.000 UTC,111.124,111.136,111.112,111.112,78.6
27.02.2026 07:09:00.000 UTC,111.116,111.116,111.102,111.111,74.4
27.02.2026 07:10:00.000 UTC,111.112,111.123,111.111,111.119,64.2
27.02.2026 07:11:00.000 UTC,111.119,111.132,111.11,111.118,47.85
27.02.2026 07:12:00.000 UTC,111.12,111.122,111.111,111.111,71.4
27.02.2026 07:13:00.000 UTC,111.108,111.114,111.096,111.099,71.25
27.02.2026 07:14:00.000 UTC,111.099,111.101,111.091,111.091,43.2
27.02.2026 07:15:00.000 UTC,111.09,111.136,111.087,111.135,58.57
27.02.2026 07:16:00.000 UTC,111.133,111.137,111.127,111.133,39.9
27.02.2026 07:17:00.000 UTC,111.139,111.149,111.117,111.119,70.2
27.02.2026 07:18:00.000 UTC,111.12,111.132,111.118,111.13,68.55
27.02.2026 07:19:00.000 UTC,111.131,111.141,111.123,111.137,68.7
27.02.2026 07:20:00.000 UTC,111.135,111.149,111.132,111.144,48.6
27.02.2026 07:21:00.000 UTC,111.142,111.145,111.136,111.144,35.7
27.02.2026 07:22:00.000 UTC,111.143,111.157,111.143,111.144,38.4
27.02.2026 07:23:00.000 UTC,111.147,111.155,111.147,111.15,30.3
27.02.2026 07:24:00.000 UTC,111.152,111.162,111.148,111.153,56.7
27.02.2026 07:25:00.000 UTC,111.156,111.169,111.14,111.165,117
27.02.2026 07:26:00.000 UTC,111.163,111.163,111.141,111.147,71.4
27.02.2026 07:27:00.000 UTC,111.148,111.188,111.148,111.185,161.1
27.02.2026 07:28:00.000 UTC,111.183,111.196,111.171,111.176,126.6
27.02.2026 07:29:00.000 UTC,111.179,111.186,111.174,111.185,87.6
27.02.2026 07:30:00.000 UTC,111.187,111.19,111.172,111.176,96.75
27.02.2026 07:31:00.000 UTC,111.177,111.177,111.153,111.163,62.4
27.02.2026 07:32:00.000 UTC,111.163,111.166,111.14,111.146,101.1
27.02.2026 07:33:00.000 UTC,111.146,111.15,111.135,111.136,37.2
27.02.2026 07:34:00.000 UTC,111.138,111.145,111.127,111.139,60.6
27.02.2026 07:35:00.000 UTC,111.139,111.145,111.131,111.136,90.3
27.02.2026 07:36:00.000 UTC,111.136,111.136,111.114,111.119,82.2
27.02.2026 07:37:00.000 UTC,111.122,111.146,111.119,111.134,84.6
27.02.2026 07:38:00.000 UTC,111.133,111.149,111.131,111.148,87
27.02.2026 07:39:00.000 UTC,111.15,111.162,111.148,111.148,66.3
27.02.2026 07:40:00.000 UTC,111.147,111.147,111.13,111.134,75.9
27.02.2026 07:41:00.000 UTC,111.135,111.137,111.119,111.128,93.6
27.02.2026 07:42:00.000 UTC,111.13,111.141,111.127,111.141,57.3
27.02.2026 07:43:00.000 UTC,111.144,111.165,111.137,111.164,73.2
27.02.2026 07:44:00.000 UTC,111.163,111.169,111.155,111.164,62.4
27.02.2026 07:45:00.000 UTC,111.165,111.173,111.149,111.152,242.1
27.02.2026 07:46:00.000 UTC,111.15,111.173,111.149,111.16,139.8
27.02.2026 07:47:00.000 UTC,111.159,111.175,111.156,111.173,103.35
27.02.2026 07:48:00.000 UTC,111.172,111.19,111.172,111.174,97.8
27.02.2026 07:49:00.000 UTC,111.172,111.186,111.158,111.167,155.7
27.02.2026 07:50:00.000 UTC,111.166,111.189,111.156,111.189,91.8
27.02.2026 07:51:00.000 UTC,111.187,111.211,111.187,111.211,99.6
27.02.2026 07:52:00.000 UTC,111.21,111.226,111.21,111.219,72
27.02.2026 07:53:00.000 UTC,111.219,111.219,111.194,111.195,85.2
27.02.2026 07:54:00.000 UTC,111.198,111.204,111.186,111.194,113.25
27.02.2026 07:55:00.000 UTC,111.194,111.203,111.186,111.195,87.45
27.02.2026 07:56:00.000 UTC,111.193,111.202,111.176,111.176,99.6
27.02.2026 07:57:00.000 UTC,111.176,111.179,111.164,111.169,108.9
27.02.2026 07:58:00.000 UTC,111.169,111.199,111.169,111.199,91.8
27.02.2026 07:59:00.000 UTC,111.2,111.203,111.18,111.18,55.2
27.02.2026 08:00:00.000 UTC,111.183,111.215,111.183,111.184,213.6
27.02.2026 08:01:00.000 UTC,111.181,111.193,111.172,111.176,159.15
27.02.2026 08:02:00.000 UTC,111.176,111.187,111.164,111.187,97.2
27.02.2026 08:03:00.000 UTC,111.183,111.208,111.182,111.2,167.1
27.02.2026 08:04:00.000 UTC,111.2,111.213,111.184,111.186,150.15
27.02.2026 08:05:00.000 UTC,111.181,111.185,111.162,111.17,185.4
27.02.2026 08:06:00.000 UTC,111.169,111.19,111.166,111.183,193.2
27.02.2026 08:07:00.000 UTC,111.182,111.186,111.161,111.168,259.8
27.02.2026 08:08:00.000 UTC,111.165,111.173,111.154,111.159,130.2
27.02.2026 08:09:00.000 UTC,111.16,111.168,111.152,111.16,116.32
27.02.2026 08:10:00.000 UTC,111.162,111.171,111.142,111.146,124.2
27.02.2026 08:11:00.000 UTC,111.145,111.172,111.143,111.172,115.2
27.02.2026 08:12:00.000 UTC,111.172,111.172,111.148,111.158,119.4
27.02.2026 08:13:00.000 UTC,111.158,111.161,111.123,111.128,144.3
27.02.2026 08:14:00.000 UTC,111.125,111.138,111.102,111.105,147
27.02.2026 08:15:00.000 UTC,111.107,111.129,111.105,111.118,156.6
27.02.2026 08:16:00.000 UTC,111.118,111.144,111.118,111.139,154.8
27.02.2026 08:17:00.000 UTC,111.142,111.185,111.141,111.175,114.75
27.02.2026 08:18:00.000 UTC,111.177,111.201,111.177,111.194,96.6
27.02.2026 08:19:00.000 UTC,111.197,111.212,111.169,111.17,109.2
27.02.2026 08:20:00.000 UTC,111.171,111.185,111.166,111.183,124.5
27.02.2026 08:21:00.000 UTC,111.182,111.186,111.163,111.168,95.4
27.02.2026 08:22:00.000 UTC,111.167,111.176,111.16,111.17,85.8
27.02.2026 08:23:00.000 UTC,111.168,111.174,111.162,111.166,93
27.02.2026 08:24:00.000 UTC,111.164,111.175,111.155,111.155,6
27.02.2026 08:25:00.000 UTC,111.153,111.158,111.14,111.142,123
27.02.2026 08:26:00.000 UTC,111.143,111.147,111.134,111.134,97.2
27.02.2026 08:27:00.000 UTC,111.139,111.174,111.139,111.172,91.2
27.02.2026 08:28:00.000 UTC,111.174,111.199,111.166,111.198,91.8
27.02.2026 08:29:00.000 UTC,111.2,111.206,111.184,111.188,9
27.02.2026 08:30:00.000 UTC,111.189,111.218,111.189,111.204,118.8
27.02.2026 08:31:00.000 UTC,111.202,111.206,111.194,111.195,91.2
27.02.2026 08:32:00.000 UTC,111.196,111.196,111.153,111.157,96
27.02.2026 08:33:00.000 UTC,111.156,111.171,111.153,111.157,72
27.02.2026 08:34:00.000 UTC,111.158,111.162,111.111,111.111,114.6
27.02.2026 08:35:00.000 UTC,111.113,111.12,111.106,111.111,114.6
27.02.2026 08:36:00.000 UTC,111.111,111.135,111.104,111.127,90.6
27.02.2026 08:37:00.000 UTC,111.129,111.145,111.108,111.108,76.05
27.02.2026 08:38:00.000 UTC,111.105,111.108,111.099,111.1,44.85
27.02.2026 08:39:00.000 UTC,111.1,111.109,111.085,111.096,85.2
27.02.2026 08:40:00.000 UTC,111.095,111.097,111.082,111.084,37.2
27.02.2026 08:41:00.000 UTC,111.087,111.11,111.087,111.094,76.5
27.02.2026 08:42:00.000 UTC,111.093,111.093,111.084,111.086,81.9
27.02.2026 08:43:00.000 UTC,111.085,111.095,111.076,111.086,126.3
27.02.2026 08:44:00.000 UTC,111.088,111.1,111.07,111.072,93.6
27.02.2026 08:45:00.000 UTC,111.073,111.111,111.072,111.111,73.5
27.02.2026 08:46:00.000 UTC,111.11,111.11,111.064,111.064,75
27.02.2026 08:47:00.000 UTC,111.067,111.107,111.067,111.093,106.2
27.02.2026 08:48:00.000 UTC,111.094,111.102,111.071,111.083,101.25
27.02.2026 08:49:00.000 UTC,111.083,111.086,111.049,111.053,80.4
27.02.2026 08:50:00.000 UTC,111.054,111.089,111.054,111.078,87.9
27.02.2026 08:51:00.000 UTC,111.08,111.094,111.073,111.094,51.9
27.02.2026 08:52:00.000 UTC,111.092,111.1,111.092,111.093,27.6
27.02.2026 08:53:00.000 UTC,111.091,111.113,111.091,111.113,31.2
27.02.2026 08:54:00.000 UTC,111.112,111.115,111.081,111.089,42.6
27.02.2026 08:55:00.000 UTC,111.088,111.088,111.078,111.081,31.2
27.02.2026 08:56:00.000 UTC,111.079,111.105,111.079,111.105,58.65
27.02.2026 08:57:00.000 UTC,111.104,111.108,111.089,111.089,51.9
27.02.2026 08:58:00.000 UTC,111.091,111.095,111.081,111.094,67.95
27.02.2026 08:59:00.000 UTC,111.094,111.095,111.064,111.067,101.58
27.02.2026 09:00:00.000 UTC,111.063,111.1,111.043,111.089,225.3
27.02.2026 09:01:00.000 UTC,111.086,111.106,111.083,111.099,138.6
27.02.2026 09:02:00.000 UTC,111.097,111.107,111.089,111.097,130.8
27.02.2026 09:03:00.000 UTC,111.101,111.107,111.08,111.087,129.3
27.02.2026 09:04:00.000 UTC,111.087,111.094,111.08,111.093,80.1
27.02.2026 09:05:00.000 UTC,111.094,111.111,111.076,111.108,102.3
27.02.2026 09:06:00.000 UTC,111.109,111.124,111.101,111.119,90.75
27.02.2026 09:07:00.000 UTC,111.121,111.123,111.094,111.096,89.7
27.02.2026 09:08:00.000 UTC,111.095,111.1,111.087,111.095,81.6
27.02.2026 09:09:00.000 UTC,111.094,111.112,111.091,111.111,88.8
27.02.2026 09:10:00.000 UTC,111.112,111.117,111.089,111.106,99
27.02.2026 09:11:00.000 UTC,111.108,111.125,111.106,111.124,73.8
27.02.2026 09:12:00.000 UTC,111.123,111.141,111.116,111.136,78.45
27.02.2026 09:13:00.000 UTC,111.135,111.135,111.108,111.11,76.2
27.02.2026 09:14:00.000 UTC,111.108,111.133,111.108,111.133,88.8
27.02.2026 09:15:00.000 UTC,111.134,111.16,111.131,111.146,114.6
27.02.2026 09:16:00.000 UTC,111.148,111.151,111.141,111.15,50.4
27.02.2026 09:17:00.000 UTC,111.152,111.165,111.15,111.15,84
27.02.2026 09:18:00.000 UTC,111.152,111.163,111.142,111.163,76.35
27.02.2026 09:19:00.000 UTC,111.164,111.182,111.16,111.182,6
27.02.2026 09:20:00.000 UTC,111.181,111.197,111.179,111.196,70.2
27.02.2026 09:21:00.000 UTC,111.197,111.204,111.139,111.154,164.4
27.02.2026 09:22:00.000 UTC,111.154,111.174,111.152,111.157,130.8
27.02.2026 09:23:00.000 UTC,111.157,111.163,111.131,111.137,119.1
27.02.2026 09:24:00.000 UTC,111.139,111.148,111.132,111.132,78
27.02.2026 09:25:00.000 UTC,111.131,111.145,111.121,111.127,95.7
27.02.2026 09:26:00.000 UTC,111.129,111.129,111.097,111.112,72.3
27.02.2026 09:27:00.000 UTC,111.114,111.131,111.106,111.124,62.85
27.02.2026 09:28:00.000 UTC,111.123,111.133,111.117,111.13,81.6
27.02.2026 09:29:00.000 UTC,111.13,111.141,111.128,111.134,87
27.02.2026 09:30:00.000 UTC,111.132,111.148,111.126,111.144,76.8
27.02.2026 09:31:00.000 UTC,111.146,111.154,111.139,111.154,53.4
27.02.2026 09:32:00.000 UTC,111.152,111.16,111.142,111.153,67.2
27.02.2026 09:33:00.000 UTC,111.152,111.169,111.152,111.167,66.6
27.02.2026 09:34:00.000 UTC,111.166,111.166,111.147,111.147,79.2
27.02.2026 09:35:00.000 UTC,111.148,111.164,111.148,111.163,41.4
27.02.2026 09:36:00.000 UTC,111.166,111.169,111.142,111.143,89.1
27.02.2026 09:37:00.000 UTC,111.144,111.151,111.132,111.133,63.6
27.02.2026 09:38:00.000 UTC,111.132,111.143,111.131,111.136,60.6
27.02.2026 09:39:00.000 UTC,111.137,111.154,111.137,111.154,33
27.02.2026 09:40:00.000 UTC,111.152,111.157,111.138,111.138,52.2
27.02.2026 09:41:00.000 UTC,111.139,111.142,111.116,111.116,57
27.02.2026 09:42:00.000 UTC,111.118,111.118,111.097,111.104,98.1
27.02.2026 09:43:00.000 UTC,111.101,111.107,111.084,111.084,78
27.02.2026 09:44:00.000 UTC,111.084,111.109,111.072,111.075,109.2
27.02.2026 09:45:00.000 UTC,111.074,111.077,111.055,111.077,111
27.02.2026 09:46:00.000 UTC,111.079,111.094,111.07,111.07,75.9
27.02.2026 09:47:00.000 UTC,111.071,111.083,111.068,111.075,41.4
27.02.2026 09:48:00.000 UTC,111.075,111.079,111.056,111.069,9
27.02.2026 09:49:00.000 UTC,111.069,111.075,111.064,111.065,61.2
27.02.2026 09:50:00.000 UTC,111.06,111.073,111.055,111.064,92.4
27.02.2026 09:51:00.000 UTC,111.063,111.074,111.051,111.059,117.6
27.02.2026 09:52:00.000 UTC,111.06,111.071,111.04,111.07,117.45
27.02.2026 09:53:00.000 UTC,111.07,111.071,111.05,111.06,117.6
27.02.2026 09:54:00.000 UTC,111.059,111.065,111.052,111.054,117.6
27.02.2026 09:55:00.000 UTC,111.053,111.063,111.045,111.049,124.8
27.02.2026 09:56:00.000 UTC,111.051,111.051,111.025,111.03,149.7
27.02.2026 09:57:00.000 UTC,111.033,111.041,111.011,111.012,167.55
27.02.2026 09:58:00.000 UTC,111.013,111.031,111.013,111.013,154.8
27.02.2026 09:59:00.000 UTC,111.016,111.033,111.016,111.025,114
27.02.2026 10:00:00.000 UTC,111.028,111.039,111.008,111.014,151.5
27.02.2026 10:01:00.000 UTC,111.012,111.012,110.993,111.007,108.9
27.02.2026 10:02:00.000 UTC,111.007,111.007,110.944,110.947,141.52
27.02.2026 10:03:00.000 UTC,110.945,110.96,110.945,110.954,59.4
27.02.2026 10:04:00.000 UTC,110.95,110.952,110.894,110.9,130.5
27.02.2026 10:05:00.000 UTC,110.901,110.911,110.885,110.898,97.8
27.02.2026 10:06:00.000 UTC,110.899,110.921,110.896,110.911,100.8
27.02.2026 10:07:00.000 UTC,110.913,110.95,110.91,110.95,67.8
27.02.2026 10:08:00.000 UTC,110.952,110.961,110.942,110.942,51.6
27.02.2026 10:09:00.000 UTC,110.942,110.946,110.935,110.942,53.4
27.02.2026 10:10:00.000 UTC,110.94,110.94,110.909,110.912,76.5
27.02.2026 10:11:00.000 UTC,110.909,110.909,110.861,110.861,131.85
27.02.2026 10:12:00.000 UTC,110.857,110.865,110.814,110.818,187.05
27.02.2026 10:13:00.000 UTC,110.819,110.824,110.794,110.797,137.7
27.02.2026 10:14:00.000 UTC,110.798,110.838,110.798,110.837,77.4
27.02.2026 10:15:00.000 UTC,110.838,110.844,110.819,110.844,94.35
27.02.2026 10:16:00.000 UTC,110.845,110.863,110.839,110.844,126
27.02.2026 10:17:00.000 UTC,110.846,110.86,110.846,110.857,74.1
27.02.2026 10:18:00.000 UTC,110.856,110.862,110.837,110.849,136.2
27.02.2026 10:19:00.000 UTC,110.848,110.853,110.837,110.845,73.2
27.02.2026 10:20:00.000 UTC,110.846,110.864,110.846,110.857,60.6
27.02.2026 10:21:00.000 UTC,110.858,110.882,110.856,110.87,87
27.02.2026 10:22:00.000 UTC,110.87,110.875,110.864,110.874,73.2
27.02.2026 10:23:00.000 UTC,110.875,110.896,110.873,110.875,72
27.02.2026 10:24:00.000 UTC,110.877,110.89,110.874,110.887,47.4
27.02.2026 10:25:00.000 UTC,110.888,110.898,110.885,110.897,93
27.02.2026 10:26:00.000 UTC,110.893,110.893,110.884,110.893,64.2
27.02.2026 10:27:00.000 UTC,110.896,110.913,110.896,110.908,6
27.02.2026 10:28:00.000 UTC,110.908,110.908,110.889,110.891,69
27.02.2026 10:29:00.000 UTC,110.89,110.899,110.881,110.888,61.8
27.02.2026 10:30:00.000 UTC,110.887,110.923,110.88,110.919,57.6
27.02.2026 10:31:00.000 UTC,110.919,110.919,110.904,110.912,74.4
27.02.2026 10:32:00.000 UTC,110.912,110.913,110.897,110.905,49.8
27.02.2026 10:33:00.000 UTC,110.911,110.924,110.907,110.924,41.4
27.02.2026 10:34:00.000 UTC,110.927,110.932,110.905,110.905,57.52
27.02.2026 10:35:00.000 UTC,110.905,110.906,110.88,110.885,49.8
27.02.2026 10:36:00.000 UTC,110.883,110.893,110.882,110.888,59.4
27.02.2026 10:37:00.000 UTC,110.887,110.9,110.885,110.896,28.8
27.02.2026 10:38:00.000 UTC,110.902,110.904,110.891,110.897,57
27.02.2026 10:39:00.000 UTC,110.897,110.897,110.877,110.877,51
27.02.2026 10:40:00.000 UTC,110.878,110.896,110.876,110.896,37.2
27.02.2026 10:41:00.000 UTC,110.897,110.912,110.896,110.908,57.6
27.02.2026 10:42:00.000 UTC,110.908,110.913,110.905,110.912,46.5
27.02.2026 10:43:00.000 UTC,110.913,110.928,110.911,110.919,40.8
27.02.2026 10:44:00.000 UTC,110.92,110.92,110.912,110.919,24.9
27.02.2026 10:45:00.000 UTC,110.918,110.918,110.902,110.903,63.6
27.02.2026 10:46:00.000 UTC,110.907,110.907,110.895,110.896,54
27.02.2026 10:47:00.000 UTC,110.897,110.9,110.885,110.9,78
27.02.2026 10:48:00.000 UTC,110.903,110.906,110.897,110.905,42
27.02.2026 10:49:00.000 UTC,110.905,110.916,110.905,110.905,40.8
27.02.2026 10:50:00.000 UTC,110.905,110.905,110.887,110.893,42.6
27.02.2026 10:51:00.000 UTC,110.895,110.904,110.893,110.9,57.6
27.02.2026 10:52:00.000 UTC,110.899,110.907,110.896,110.906,39
27.02.2026 10:53:00.000 UTC,110.906,110.906,110.885,110.885,6
27.02.2026 10:54:00.000 UTC,110.884,110.905,110.881,110.9,63.6
27.02.2026 10:55:00.000 UTC,110.899,110.909,110.895,110.9,73.8
27.02.2026 10:56:00.000 UTC,110.898,110.907,110.892,110.901,64.8
27.02.2026 10:57:00.000 UTC,110.9,110.9,110.882,110.884,66
27.02.2026 10:58:00.000 UTC,110.883,110.911,110.883,110.903,68.7
27.02.2026 10:59:00.000 UTC,110.902,110.904,110.891,110.891,34.8
27.02.2026 11:00:00.000 UTC,110.892,110.9,110.883,110.892,66
27.02.2026 11:01:00.000 UTC,110.893,110.902,110.888,110.889,80.1
27.02.2026 11:02:00.000 UTC,110.888,110.888,110.865,110.876,6
27.02.2026 11:03:00.000 UTC,110.876,110.882,110.871,110.874,52.8
27.02.2026 11:04:00.000 UTC,110.873,110.875,110.864,110.867,32.4
27.02.2026 11:05:00.000 UTC,110.866,110.889,110.866,110.884,53.4
27.02.2026 11:06:00.000 UTC,110.884,110.894,110.876,110.89,41.7
27.02.2026 11:07:00.000 UTC,110.891,110.899,110.885,110.889,50.4
27.02.2026 11:08:00.000 UTC,110.89,110.896,110.88,110.888,53.7
27.02.2026 11:09:00.000 UTC,110.888,110.902,110.886,110.897,43.8
27.02.2026 11:10:00.000 UTC,110.899,110.905,110.894,110.899,47.7
27.02.2026 11:11:00.000 UTC,110.897,110.903,110.89,110.895,56.4
27.02.2026 11:12:00.000 UTC,110.893,110.897,110.873,110.877,68.7
27.02.2026 11:13:00.000 UTC,110.883,110.887,110.876,110.879,66
27.02.2026 11:14:00.000 UTC,110.878,110.881,110.87,110.879,45.3
27.02.2026 11:15:00.000 UTC,110.879,110.879,110.861,110.861,57.6
27.02.2026 11:16:00.000 UTC,110.861,110.871,110.858,110.871,61.2
27.02.2026 11:17:00.000 UTC,110.873,110.875,110.861,110.863,38.4
27.02.2026 11:18:00.000 UTC,110.863,110.868,110.857,110.861,72.6
27.02.2026 11:19:00.000 UTC,110.861,110.861,110.847,110.86,50.4
27.02.2026 11:20:00.000 UTC,110.862,110.87,110.827,110.827,72.14
27.02.2026 11:21:00.000 UTC,110.828,110.831,110.817,110.822,39.3
27.02.2026 11:22:00.000 UTC,110.824,110.844,110.824,110.843,62.4
27.02.2026 11:23:00.000 UTC,110.841,110.845,110.826,110.832,42
27.02.2026 11:24:00.000 UTC,110.83,110.83,110.819,110.821,31.8
27.02.2026 11:25:00.000 UTC,110.822,110.833,110.816,110.833,64.2
27.02.2026 11:26:00.000 UTC,110.832,110.832,110.781,110.798,87.45
27.02.2026 11:27:00.000 UTC,110.798,110.813,110.789,110.813,49.2
27.02.2026 11:28:00.000 UTC,110.81,110.821,110.803,110.82,52.8
27.02.2026 11:29:00.000 UTC,110.82,110.82,110.806,110.806,27.6
27.02.2026 11:30:00.000 UTC,110.804,110.831,110.804,110.823,64.8
27.02.2026 11:31:00.000 UTC,110.821,110.826,110.805,110.816,61.8
27.02.2026 11:32:00.000 UTC,110.817,110.825,110.808,110.821,63
27.02.2026 11:33:00.000 UTC,110.818,110.822,110.811,110.822,40.8
27.02.2026 11:34:00.000 UTC,110.824,110.831,110.818,110.818,37.8
27.02.2026 11:35:00.000 UTC,110.818,110.827,110.811,110.811,45.82
27.02.2026 11:36:00.000 UTC,110.809,110.809,110.783,110.787,112.2
27.02.2026 11:37:00.000 UTC,110.786,110.79,110.777,110.783,86.7
27.02.2026 11:38:00.000 UTC,110.783,110.799,110.781,110.788,70.8
27.02.2026 11:39:00.000 UTC,110.788,110.792,110.786,110.788,59.4
27.02.2026 11:40:00.000 UTC,110.788,110.806,110.788,110.804,70.2
27.02.2026 11:41:00.000 UTC,110.807,110.819,110.8,110.808,64.35
27.02.2026 11:42:00.000 UTC,110.808,110.811,110.772,110.79,99.75
27.02.2026 11:43:00.000 UTC,110.79,110.797,110.779,110.789,66.6
27.02.2026 11:44:00.000 UTC,110.786,110.792,110.773,110.789,91.2
27.02.2026 11:45:00.000 UTC,110.792,110.803,110.791,110.793,61.2
27.02.2026 11:46:00.000 UTC,110.792,110.803,110.789,110.8,72
27.02.2026 11:47:00.000 UTC,110.8,110.812,110.791,110.81,81
27.02.2026 11:48:00.000 UTC,110.811,110.824,110.81,110.815,70.2
27.02.2026 11:49:00.000 UTC,110.816,110.831,110.808,110.827,57.6
27.02.2026 11:50:00.000 UTC,110.828,110.84,110.819,110.833,108.6
27.02.2026 11:51:00.000 UTC,110.836,110.838,110.826,110.833,6
27.02.2026 11:52:00.000 UTC,110.834,110.835,110.823,110.823,40.2
27.02.2026 11:53:00.000 UTC,110.817,110.837,110.813,110.833,81
27.02.2026 11:54:00.000 UTC,110.833,110.855,110.833,110.85,66
27.02.2026 11:55:00.000 UTC,110.848,110.853,110.833,110.844,112.8
27.02.2026 11:56:00.000 UTC,110.846,110.846,110.805,110.823,127.2
27.02.2026 11:57:00.000 UTC,110.822,110.846,110.821,110.84,90.6
27.02.2026 11:58:00.000 UTC,110.841,110.846,110.827,110.829,86.7
27.02.2026 11:59:00.000 UTC,110.831,110.834,110.809,110.811,72
27.02.2026 12:00:00.000 UTC,110.808,110.822,110.794,110.796,137.4
27.02.2026 12:01:00.000 UTC,110.798,110.811,110.786,110.79,174.6
27.02.2026 12:02:00.000 UTC,110.786,110.805,110.783,110.791,93
27.02.2026 12:03:00.000 UTC,110.791,110.807,110.785,110.801,80.4
27.02.2026 12:04:00.000 UTC,110.801,110.808,110.784,110.786,87
27.02.2026 12:05:00.000 UTC,110.786,110.787,110.755,110.764,121.95
27.02.2026 12:06:00.000 UTC,110.759,110.759,110.75,110.756,65.4
27.02.2026 12:07:00.000 UTC,110.755,110.776,110.755,110.768,49.2
27.02.2026 12:08:00.000 UTC,110.77,110.793,110.758,110.788,118.8
,110.781,110.785,110.763,110.783,109.8
27.02.2026 12:10:00.000 UTC,110.782,110.791,110.767,110.791,75
27.02.2026 12:11:00.000 UTC,110.791,110.793,110.773,110.789,73.8
27.02.2026 12:12:00.000 UTC,110.789,110.803,110.782,110.79,88.8
27.02.2026 12:13:00.000 UTC,110.793,110.809,110.789,110.809,75
27.02.2026 12:14:00.000 UTC,110.811,110.811,110.793,110.795,69.6
27.02.2026 12:15:00.000 UTC,110.796,110.81,110.784,110.797,99.6
27.02.2026 12:16:00.000 UTC,110.798,110.804,110.789,110.789,55.2
27.02.2026 12:17:00.000 UTC,110.79,110.796,110.786,110.795,52.2
27.02.2026 12:18:00.000 UTC,110.798,110.8,110.792,110.794,75
27.02.2026 12:19:00.000 UTC,110.797,110.807,110.787,110.806,97.2
27.02.2026 12:20:00.000 UTC,110.808,110.85,110.808,110.85,52.2
27.02.2026 12:21:00.000 UTC,110.851,110.872,110.851,110.871,59.4
27.02.2026 12:22:00.000 UTC,110.87,110.875,110.86,110.865,61.2
27.02.2026 12:23:00.000 UTC,110.865,110.868,110.853,110.863,76.23
27.02.2026 12:24:00.000 UTC,110.863,110.875,110.857,110.875,53.4
27.02.2026 12:25:00.000 UTC,110.874,110.876,110.852,110.854,66
27.02.2026 12:26:00.000 UTC,110.853,110.873,110.846,110.846,126.6
27.02.2026 12:27:00.000 UTC,110.845,110.849,110.833,110.839,34.8
27.02.2026 12:28:00.000 UTC,110.841,110.852,110.832,110.845,72.6
27.02.2026 12:29:00.000 UTC,110.843,110.848,110.826,110.83,58.2
27.02.2026 12:30:00.000 UTC,110.829,110.852,110.829,110.843,96
27.02.2026 12:31:00.000 UTC,110.842,110.851,110.836,110.846,39.6
27.02.2026 12:32:00.000 UTC,110.845,110.849,110.835,110.847,76.2
27.02.2026 12:33:00.000 UTC,110.844,110.861,110.841,110.861,103.8
27.02.2026 12:34:00.000 UTC,110.862,110.873,110.856,110.873,73.8
27.02.2026 12:35:00.000 UTC,110.874,110.878,110.862,110.863,75
27.02.2026 12:36:00.000 UTC,110.863,110.865,110.842,110.851,100.2
27.02.2026 12:37:00.000 UTC,110.851,110.859,110.848,110.854,36.6
27.02.2026 12:38:00.000 UTC,110.854,110.854,110.83,110.832,105
27.02.2026 12:39:00.000 UTC,110.832,110.843,110.831,110.831,39
27.02.2026 12:40:00.000 UTC,110.831,110.831,110.809,110.822,49.8
27.02.2026 12:41:00.000 UTC,110.821,110.825,110.818,110.821,60.6
27.02.2026 12:42:00.000 UTC,110.821,110.826,110.807,110.808,53.4
27.02.2026 12:43:00.000 UTC,110.81,110.829,110.81,110.822,63
27.02.2026 12:44:00.000 UTC,110.822,110.824,110.802,110.803,93.6
27.02.2026 12:45:00.000 UTC,110.801,110.805,110.782,110.784,139.05
27.02.2026 12:46:00.000 UTC,110.783,110.787,110.769,110.769,127.5
27.02.2026 12:47:00.000 UTC,110.77,110.77,110.747,110.767,109.68
27.02.2026 12:48:00.000 UTC,110.769,110.798,110.769,110.789,109.8
27.02.2026 12:49:00.000 UTC,110.789,110.789,110.766,110.766,88.95
27.02.2026 12:50:00.000 UTC,110.766,110.778,110.745,110.754,136.8
27.02.2026 12:51:00.000 UTC,110.757,110.783,110.751,110.779,85.2
27.02.2026 12:52:00.000 UTC,110.781,110.789,110.771,110.781,93.6
27.02.2026 12:53:00.000 UTC,110.781,110.8,110.773,110.799,128.4
27.02.2026 12:54:00.000 UTC,110.799,110.809,110.798,110.804,87
27.02.2026 12:55:00.000 UTC,110.804,110.804,110.765,110.765,96
27.02.2026 12:56:00.000 UTC,110.766,110.779,110.758,110.758,51
27.02.2026 12:57:00.000 UTC,110.758,110.759,110.739,110.742,57.75
27.02.2026 12:58:00.000 UTC,110.743,110.753,110.733,110.753,64.2
27.02.2026 12:59:00.000 UTC,110.752,110.758,110.745,110.753,61.8
27.02.2026 13:00:00.000 UTC,110.751,110.783,110.747,110.774,184.8
27.02.2026 13:01:00.000 UTC,110.772,110.79,110.762,110.763,171
27.02.2026 13:02:00.000 UTC,110.763,110.787,110.763,110.784,139.2
27.02.2026 13:03:00.000 UTC,110.786,110.788,110.765,110.786,142.2
27.02.2026 13:04:00.000 UTC,110.783,110.808,110.767,110.805,112.8
27.02.2026 13:05:00.000 UTC,110.8,110.8,110.762,110.781,115.35
27.02.2026 13:06:00.000 UTC,110.779,110.814,110.778,110.814,138
27.02.2026 13:07:00.000 UTC,110.812,110.848,110.812,110.843,157.2
27.02.2026 13:08:00.000 UTC,110.843,110.851,110.828,110.841,145.2
27.02.2026 13:09:00.000 UTC,110.843,110.847,110.831,110.838,168.6
27.02.2026 13:10:00.000 UTC,110.841,110.846,110.823,110.827,144
27.02.2026 13:11:00.000 UTC,110.826,110.846,110.823,110.824,97.8
27.02.2026 13:12:00.000 UTC,110.828,110.854,110.823,110.853,199.8
27.02.2026 13:13:00.000 UTC,110.852,110.871,110.849,110.87,186
27.02.2026 13:14:00.000 UTC,110.872,110.872,110.843,110.848,201.45
27.02.2026 13:15:00.000 UTC,110.845,110.88,110.834,110.858,266.25
27.02.2026 13:16:00.000 UTC,110.86,110.873,110.849,110.852,143.4
27.02.2026 13:17:00.000 UTC,110.852,110.883,110.85,110.873,156
27.02.2026 13:18:00.000 UTC,110.873,110.874,110.819,110.819,192.3
27.02.2026 13:19:00.000 UTC,110.821,110.828,110.782,110.795,241.5
27.02.2026 13:20:00.000 UTC,110.796,110.803,110.783,110.799,159
27.02.2026 13:21:00.000 UTC,110.801,110.843,110.798,110.843,143.85
27.02.2026 13:22:00.000 UTC,110.841,110.853,110.834,110.836,99
27.02.2026 13:23:00.000 UTC,110.836,110.851,110.834,110.85,158.4
27.02.2026 13:24:00.000 UTC,110.851,110.864,110.836,110.852,156
27.02.2026 13:25:00.000 UTC,110.853,110.868,110.83,110.868,125.4
27.02.2026 13:26:00.000 UTC,110.865,110.87,110.847,110.85,122.1
27.02.2026 13:27:00.000 UTC,110.85,110.85,110.829,110.832,124.2
27.02.2026 13:28:00.000 UTC,110.832,110.848,110.824,110.847,74.4
27.02.2026 13:29:00.000 UTC,110.847,110.847,110.815,110.829,168.66
27.02.2026 13:30:00.000 UTC,110.833,110.85,110.771,110.797,477.99
27.02.2026 13:31:00.000 UTC,110.794,110.834,110.758,110.773,237.6
27.02.2026 13:32:00.000 UTC,110.776,110.807,110.747,110.771,307.35
27.02.2026 13:33:00.000 UTC,110.77,110.772,110.722,110.757,368.1
27.02.2026 13:34:00.000 UTC,110.759,110.762,110.721,110.737,306.6
27.02.2026 13:35:00.000 UTC,110.742,110.767,110.73,110.734,373.05
27.02.2026 13:36:00.000 UTC,110.736,110.738,110.69,110.695,371.4
27.02.2026 13:37:00.000 UTC,110.697,110.716,110.652,110.681,373.2
27.02.2026 13:38:00.000 UTC,110.678,110.731,110.676,110.709,332.4
27.02.2026 13:39:00.000 UTC,110.707,110.726,110.702,110.716,335.4
27.02.2026 13:40:00.000 UTC,110.716,110.727,110.652,110.66,307.2
27.02.2026 13:41:00.000 UTC,110.664,110.699,110.65,110.658,289.12
27.02.2026 13:42:00.000 UTC,110.66,110.689,110.643,110.689,270.9
27.02.2026 13:43:00.000 UTC,110.688,110.744,110.671,110.732,267.3
27.02.2026 13:44:00.000 UTC,110.731,110.774,110.727,110.764,250.8
27.02.2026 13:45:00.000 UTC,110.769,110.806,110.769,110.776,243
27.02.2026 13:46:00.000 UTC,110.776,110.792,110.751,110.771,248.4
27.02.2026 13:47:00.000 UTC,110.773,110.784,110.751,110.778,243.3
27.02.2026 13:48:00.000 UTC,110.775,110.783,110.751,110.754,251.1
27.02.2026 13:49:00.000 UTC,110.756,110.8,110.755,110.795,219
27.02.2026 13:50:00.000 UTC,110.795,110.82,110.764,110.77,205.95
27.02.2026 13:51:00.000 UTC,110.771,110.803,110.756,110.801,228.3
27.02.2026 13:52:00.000 UTC,110.801,110.801,110.76,110.763,176.4
27.02.2026 13:53:00.000 UTC,110.763,110.78,110.757,110.77,207.6
27.02.2026 13:54:00.000 UTC,110.77,110.775,110.754,110.768,132.6
27.02.2026 13:55:00.000 UTC,110.769,110.783,110.753,110.762,222.9
27.02.2026 13:56:00.000 UTC,110.761,110.83,110.761,110.818,284.4
27.02.2026 13:57:00.000 UTC,110.817,110.838,110.81,110.829,277.2
27.02.2026 13:58:00.000 UTC,110.83,110.863,110.83,110.846,218.7
27.02.2026 13:59:00.000 UTC,110.848,110.858,110.835,110.847,197.1
27.02.2026 14:00:00.000 UTC,110.847,110.863,110.842,110.848,227.1
27.02.2026 14:01:00.000 UTC,110.85,110.883,110.84,110.867,209.4
27.02.2026 14:02:00.000 UTC,110.869,110.875,110.841,110.848,243.6
27.02.2026 14:03:00.000 UTC,110.849,110.878,110.84,110.877,230.1
27.02.2026 14:04:00.000 UTC,110.881,110.883,110.854,110.868,169.2
27.02.2026 14:05:00.000 UTC,110.864,110.885,110.862,110.881,148.65
27.02.2026 14:06:00.000 UTC,110.879,110.884,110.864,110.872,128.4
27.02.2026 14:07:00.000 UTC,110.877,110.886,110.859,110.883,174.6
27.02.2026 14:08:00.000 UTC,110.883,110.891,110.86,110.86,176.4
27.02.2026 14:09:00.000 UTC,110.858,110.869,110.839,110.861,144.3
27.02.2026 14:10:00.000 UTC,110.861,110.871,110.834,110.866,111
27.02.2026 14:11:00.000 UTC,110.864,110.883,110.859,110.876,131.4
27.02.2026 14:12:00.000 UTC,110.874,110.91,110.874,110.888,164.4
27.02.2026 14:13:00.000 UTC,110.888,110.891,110.875,110.882,149.4
27.02.2026 14:14:00.000 UTC,110.883,110.89,110.875,110.888,128.7
27.02.2026 14:15:00.000 UTC,110.888,110.897,110.873,110.894,152.4
27.02.2026 14:16:00.000 UTC,110.892,110.907,110.887,110.894,162.9
27.02.2026 14:17:00.000 UTC,110.894,110.898,110.871,110.884,196.8
27.02.2026 14:18:00.000 UTC,110.886,110.897,110.879,110.89,122.4
27.02.2026 14:19:00.000 UTC,110.893,110.9,110.869,110.883,147.6
27.02.2026 14:20:00.000 UTC,110.884,110.904,110.883,110.904,122.4
27.02.2026 14:21:00.000 UTC,110.907,110.914,110.893,110.9,148.2
27.02.2026 14:22:00.000 UTC,110.899,110.911,110.895,110.906,130.2
27.02.2026 14:23:00.000 UTC,110.906,110.939,110.903,110.928,123
27.02.2026 14:24:00.000 UTC,110.923,110.943,110.917,110.937,120.6
27.02.2026 14:25:00.000 UTC,110.933,110.96,110.933,110.949,178.8
27.02.2026 14:26:00.000 UTC,110.946,110.946,110.889,110.903,184.35
27.02.2026 14:27:00.000 UTC,110.902,110.933,110.889,110.891,197.7
27.02.2026 14:28:00.000 UTC,110.892,110.927,110.881,110.923,275.02
27.02.2026 14:29:00.000 UTC,110.924,110.933,110.91,110.925,236.4
27.02.2026 14:30:00.000 UTC,110.926,110.979,110.92,110.95,477.6
27.02.2026 14:31:00.000 UTC,110.952,110.956,110.89,110.906,381.3
27.02.2026 14:32:00.000 UTC,110.907,110.99,110.901,110.966,495
27.02.2026 14:33:00.000 UTC,110.965,110.984,110.954,110.971,326.85
27.02.2026 14:34:00.000 UTC,110.969,110.979,110.943,110.966,369.9
27.02.2026 14:35:00.000 UTC,110.968,110.996,110.953,110.969,465
27.02.2026 14:36:00.000 UTC,110.97,110.971,110.913,110.943,477.6
27.02.2026 14:37:00.000 UTC,110.944,110.979,110.92,110.92,454.8
27.02.2026 14:38:00.000 UTC,110.923,110.959,110.911,110.957,271.5
27.02.2026 14:39:00.000 UTC,110.957,110.998,110.942,110.982,325.65
27.02.2026 14:40:00.000 UTC,110.981,110.985,110.928,110.934,195
27.02.2026 14:41:00.000 UTC,110.931,110.938,110.907,110.909,210.6
27.02.2026 14:42:00.000 UTC,110.912,110.918,110.882,110.9,197.7
27.02.2026 14:43:00.000 UTC,110.903,110.907,110.853,110.859,225
27.02.2026 14:44:00.000 UTC,110.858,110.927,110.853,110.909,209.7
27.02.2026 14:45:00.000 UTC,110.907,110.948,110.889,110.923,320.1
27.02.2026 14:46:00.000 UTC,110.922,110.969,110.913,110.945,273
27.02.2026 14:47:00.000 UTC,110.943,110.944,110.884,110.91,322.2
27.02.2026 14:48:00.000 UTC,110.911,110.988,110.911,110.978,382.65
27.02.2026 14:49:00.000 UTC,110.977,110.998,110.968,110.988,310.5
27.02.2026 14:50:00.000 UTC,110.988,111,110.945,110.963,383.4
27.02.2026 14:51:00.000 UTC,110.964,111.012,110.951,110.979,321
27.02.2026 14:52:00.000 UTC,110.978,110.987,110.961,110.969,289.2
27.02.2026 14:53:00.000 UTC,110.969,111.006,110.965,111.005,280.02
27.02.2026 14:54:00.000 UTC,111.008,111.02,110.982,110.985,192.6
27.02.2026 14:55:00.000 UTC,110.986,111.015,110.977,110.983,235.8
27.02.2026 14:56:00.000 UTC,110.984,110.989,110.947,110.972,194.7
27.02.2026 14:57:00.000 UTC,110.973,110.991,110.939,110.94,318.45
27.02.2026 14:58:00.000 UTC,110.944,110.975,110.939,110.972,208.2
27.02.2026 14:59:00.000 UTC,110.973,110.984,110.954,110.969,234.3
27.02.2026 15:00:00.000 UTC,110.968,111.008,110.958,110.995,424.35
27.02.2026 15:01:00.000 UTC,110.997,111.028,110.987,111.008,462.6
27.02.2026 15:02:00.000 UTC,111.009,111.037,110.979,110.993,429.6
27.02.2026 15:03:00.000 UTC,110.992,111.02,110.984,111.017,330.75
27.02.2026 15:04:00.000 UTC,111.019,111.035,110.995,111.02,352.2
27.02.2026 15:05:00.000 UTC,111.021,111.071,111.011,111.066,375.75
27.02.2026 15:06:00.000 UTC,111.065,111.086,111.034,111.041,374.09
27.02.2026 15:07:00.000 UTC,111.04,111.079,111.037,111.072,279.15
27.02.2026 15:08:00.000 UTC,111.071,111.136,111.068,111.119,295.65
27.02.2026 15:09:00.000 UTC,111.118,111.128,111.101,111.117,294.15
27.02.2026 15:10:00.000 UTC,111.118,111.16,111.108,111.155,305.32
27.02.2026 15:11:00.000 UTC,111.16,111.203,111.151,111.197,278.7
27.02.2026 15:12:00.000 UTC,111.199,111.2,111.17,111.191,331.05
27.02.2026 15:13:00.000 UTC,111.19,111.199,111.146,111.158,264
27.02.2026 15:14:00.000 UTC,111.159,111.169,111.129,111.139,260.7
27.02.2026 15:15:00.000 UTC,111.14,111.167,111.14,111.16,273.3
27.02.2026 15:16:00.000 UTC,111.16,111.16,111.125,111.141,345.75
27.02.2026 15:17:00.000 UTC,111.14,111.145,111.121,111.132,227.61
27.02.2026 15:18:00.000 UTC,111.133,111.138,111.099,111.112,302.25
27.02.2026 15:19:00.000 UTC,111.113,111.152,111.098,111.138,256.2
27.02.2026 15:20:00.000 UTC,111.136,111.205,111.129,111.174,352.8
27.02.2026 15:21:00.000 UTC,111.176,111.186,111.155,111.175,292.2
27.02.2026 15:22:00.000 UTC,111.173,111.193,111.157,111.16,306.75
27.02.2026 15:23:00.000 UTC,111.162,111.208,111.162,111.196,207.6
27.02.2026 15:24:00.000 UTC,111.197,111.222,111.18,111.201,310.02
27.02.2026 15:25:00.000 UTC,111.2,111.205,111.173,111.187,308.7
27.02.2026 15:26:00.000 UTC,111.185,111.194,111.167,111.17,230.85
27.02.2026 15:27:00.000 UTC,111.172,111.199,111.17,111.173,215.34
27.02.2026 15:28:00.000 UTC,111.177,111.194,111.17,111.175,187.35
27.02.2026 15:29:00.000 UTC,111.176,111.189,111.151,111.163,179.4
27.02.2026 15:30:00.000 UTC,111.164,111.186,111.161,111.185,264.9
27.02.2026 15:31:00.000 UTC,111.186,111.192,111.141,111.163,240.3
27.02.2026 15:32:00.000 UTC,111.161,111.161,111.13,111.14,211.35
27.02.2026 15:33:00.000 UTC,111.138,111.16,111.134,111.15,221.85
27.02.2026 15:34:00.000 UTC,111.154,111.156,111.131,111.134,210.6
27.02.2026 15:35:00.000 UTC,111.132,111.151,111.132,111.139,184.2
27.02.2026 15:36:00.000 UTC,111.137,111.196,111.133,111.192,204.6
27.02.2026 15:37:00.000 UTC,111.193,111.215,111.183,111.208,275.85
27.02.2026 15:38:00.000 UTC,111.206,111.241,111.204,111.221,162.6
27.02.2026 15:39:00.000 UTC,111.221,111.237,111.22,111.23,181.8
27.02.2026 15:40:00.000 UTC,111.228,111.231,111.188,111.189,284.7
27.02.2026 15:41:00.000 UTC,111.189,111.198,111.163,111.195,254.25
27.02.2026 15:42:00.000 UTC,111.194,111.24,111.185,111.24,241.5
27.02.2026 15:43:00.000 UTC,111.241,111.241,111.191,111.192,218.85
27.02.2026 15:44:00.000 UTC,111.193,111.198,111.174,111.174,185.85
27.02.2026 15:45:00.000 UTC,111.177,111.224,111.171,111.188,238.2
27.02.2026 15:46:00.000 UTC,111.189,111.201,111.168,111.174,252.6
27.02.2026 15:47:00.000 UTC,111.172,111.198,111.169,111.195,187.2
27.02.2026 15:48:00.000 UTC,111.199,111.228,111.186,111.215,241.8
27.02.2026 15:49:00.000 UTC,111.215,111.231,111.193,111.212,206.4
27.02.2026 15:50:00.000 UTC,111.217,111.229,111.166,111.19,298.35
27.02.2026 15:51:00.000 UTC,111.191,111.191,111.151,111.151,245.4
27.02.2026 15:52:00.000 UTC,111.149,111.197,111.147,111.186,225.72
27.02.2026 15:53:00.000 UTC,111.186,111.203,111.166,111.189,192
27.02.2026 15:54:00.000 UTC,111.19,111.194,111.166,111.168,223.69
27.02.2026 15:55:00.000 UTC,111.168,111.262,111.168,111.257,388.65
27.02.2026 15:56:00.000 UTC,111.257,111.295,111.249,111.272,333.31
27.02.2026 15:57:00.000 UTC,111.272,111.294,111.243,111.287,403.5
27.02.2026 15:58:00.000 UTC,111.286,111.286,111.254,111.264,391.05
27.02.2026 15:59:00.000 UTC,111.264,111.264,111.215,111.215,265.12
27.02.2026 16:00:00.000 UTC,111.213,111.23,111.205,111.222,298.2
27.02.2026 16:01:00.000 UTC,111.223,111.231,111.215,111.231,269.4
27.02.2026 16:02:00.000 UTC,111.23,111.257,111.226,111.238,267.9
27.02.2026 16:03:00.000 UTC,111.239,111.259,111.228,111.236,287.4
27.02.2026 16:04:00.000 UTC,111.237,111.252,111.225,111.236,236.7
27.02.2026 16:05:00.000 UTC,111.237,111.242,111.212,111.217,246.45
27.02.2026 16:06:00.000 UTC,111.217,111.225,111.202,111.214,257.1
27.02.2026 16:07:00.000 UTC,111.215,111.223,111.202,111.205,153.9
27.02.2026 16:08:00.000 UTC,111.202,111.227,111.198,111.213,230.4
27.02.2026 16:09:00.000 UTC,111.211,111.212,111.168,111.168,208.2
27.02.2026 16:10:00.000 UTC,111.168,111.189,111.156,111.161,190.65
27.02.2026 16:11:00.000 UTC,111.16,111.172,111.152,111.166,230.1
27.02.2026 16:12:00.000 UTC,111.169,111.194,111.16,111.163,212.7
27.02.2026 16:13:00.000 UTC,111.164,111.226,111.164,111.22,196.5
27.02.2026 16:14:00.000 UTC,111.221,111.242,111.218,111.224,181.95
27.02.2026 16:15:00.000 UTC,111.22,111.249,111.22,111.233,193.8
27.02.2026 16:16:00.000 UTC,111.233,111.233,111.197,111.217,207.22
27.02.2026 16:17:00.000 UTC,111.218,111.236,111.216,111.235,162
27.02.2026 16:18:00.000 UTC,111.234,111.247,111.227,111.24,108.01
27.02.2026 16:19:00.000 UTC,111.24,111.243,111.223,111.241,129.15
27.02.2026 16:20:00.000 UTC,111.239,111.24,111.197,111.201,216.52
27.02.2026 16:21:00.000 UTC,111.202,111.22,111.184,111.205,225.6
27.02.2026 16:22:00.000 UTC,111.206,111.224,111.197,111.215,184.42
27.02.2026 16:23:00.000 UTC,111.215,111.215,111.188,111.197,176.14
27.02.2026 16:24:00.000 UTC,111.199,111.199,111.18,111.19,176.1
27.02.2026 16:25:00.000 UTC,111.189,111.193,111.178,111.185,132.75
27.02.2026 16:26:00.000 UTC,111.186,111.187,111.16,111.164,150.01
27.02.2026 16:27:00.000 UTC,111.163,111.179,111.162,111.172,227.7
27.02.2026 16:28:00.000 UTC,111.174,111.174,111.146,111.16,164.1
27.02.2026 16:29:00.000 UTC,111.162,111.169,111.141,111.144,159.3
27.02.2026 16:30:00.000 UTC,111.142,111.175,111.136,111.174,258.75
27.02.2026 16:31:00.000 UTC,111.17,111.17,111.155,111.156,198.9
27.02.2026 16:32:00.000 UTC,111.157,111.174,111.151,111.171,162
27.02.2026 16:33:00.000 UTC,111.169,111.17,111.15,111.152,189.6
27.02.2026 16:34:00.000 UTC,111.15,111.153,111.128,111.129,163.8
27.02.2026 16:35:00.000 UTC,111.13,111.135,111.104,111.113,208.2
27.02.2026 16:36:00.000 UTC,111.111,111.139,111.101,111.103,252.9
27.02.2026 16:37:00.000 UTC,111.106,111.106,111.086,111.104,190.2
27.02.2026 16:38:00.000 UTC,111.106,111.127,111.096,111.104,224.7
27.02.2026 16:39:00.000 UTC,111.106,111.125,111.105,111.111,208.5
27.02.2026 16:40:00.000 UTC,111.111,111.116,111.086,111.106,262.2
27.02.2026 16:41:00.000 UTC,111.105,111.125,111.095,111.123,191.55
27.02.2026 16:42:00.000 UTC,111.124,111.136,111.112,111.112,174.6
27.02.2026 16:43:00.000 UTC,111.114,111.119,111.091,111.114,208.95
27.02.2026 16:44:00.000 UTC,111.114,111.122,111.099,111.11,191.7
27.02.2026 16:45:00.000 UTC,111.109,111.123,111.1,111.121,220.2
27.02.2026 16:46:00.000 UTC,111.121,111.145,111.118,111.13,188.7
27.02.2026 16:47:00.000 UTC,111.129,111.133,111.114,111.122,176.4
27.02.2026 16:48:00.000 UTC,111.122,111.126,111.1,111.103,115.8
27.02.2026 16:49:00.000 UTC,111.104,111.108,111.083,111.091,147.6
27.02.2026 16:50:00.000 UTC,111.092,111.117,111.09,111.117,156.6
27.02.2026 16:51:00.000 UTC,111.118,111.141,111.108,111.137,180.3
27.02.2026 16:52:00.000 UTC,111.139,111.142,111.13,111.133,158.4
27.02.2026 16:53:00.000 UTC,111.134,111.134,111.106,111.114,174
27.02.2026 16:54:00.000 UTC,111.115,111.133,111.114,111.126,167.1
27.02.2026 16:55:00.000 UTC,111.125,111.14,111.119,111.123,162.6
27.02.2026 16:56:00.000 UTC,111.125,111.131,111.111,111.116,133.8
27.02.2026 16:57:00.000 UTC,111.116,111.132,111.113,111.13,195.6
27.02.2026 16:58:00.000 UTC,111.13,111.137,111.117,111.128,147.6
27.02.2026 16:59:00.000 UTC,111.129,111.129,111.104,111.117,156
27.02.2026 17:00:00.000 UTC,111.117,111.157,111.116,111.155,222.3
27.02.2026 17:01:00.000 UTC,111.154,111.154,111.127,111.151,188.1
27.02.2026 17:02:00.000 UTC,111.155,111.173,111.149,111.173,145.2
27.02.2026 17:03:00.000 UTC,111.174,111.187,111.166,111.179,140.4
27.02.2026 17:04:00.000 UTC,111.181,111.187,111.171,111.184,135
27.02.2026 17:05:00.000 UTC,111.182,111.193,111.167,111.193,131.1
27.02.2026 17:06:00.000 UTC,111.193,111.202,111.183,111.188,119.7
27.02.2026 17:07:00.000 UTC,111.19,111.209,111.188,111.196,136.8
27.02.2026 17:08:00.000 UTC,111.198,111.205,111.195,111.202,123
27.02.2026 17:09:00.000 UTC,111.201,111.215,111.195,111.198,124.8
27.02.2026 17:10:00.000 UTC,111.195,111.197,111.178,111.181,187.5
27.02.2026 17:11:00.000 UTC,111.182,111.182,111.157,111.177,150.6
27.02.2026 17:12:00.000 UTC,111.175,111.176,111.151,111.153,129.6
27.02.2026 17:13:00.000 UTC,111.152,111.154,111.134,111.136,147.9
27.02.2026 17:14:00.000 UTC,111.135,111.141,111.128,111.135,113.7
27.02.2026 17:15:00.000 UTC,111.136,111.147,111.132,111.142,134.1
27.02.2026 17:16:00.000 UTC,111.144,111.156,111.134,111.136,119.1
27.02.2026 17:17:00.000 UTC,111.134,111.136,111.112,111.118,114.6
27.02.2026 17:18:00.000 UTC,111.118,111.125,111.108,111.11,139.5
27.02.2026 17:19:00.000 UTC,111.109,111.124,111.1,111.112,129.9
27.02.2026 17:20:00.000 UTC,111.115,111.116,111.083,111.098,108.3
27.02.2026 17:21:00.000 UTC,111.1,111.102,111.083,111.083,133.8
27.02.2026 17:22:00.000 UTC,111.082,111.082,111.021,111.024,202.2
27.02.2026 17:23:00.000 UTC,111.024,111.053,111.02,111.052,177.9
27.02.2026 17:24:00.000 UTC,111.05,111.065,111.034,111.052,143.4
27.02.2026 17:25:00.000 UTC,111.051,111.072,111.036,111.038,191.4
27.02.2026 17:26:00.000 UTC,111.04,111.05,111.028,111.042,165.3
27.02.2026 17:27:00.000 UTC,111.044,111.056,111.031,111.043,178.5
27.02.2026 17:28:00.000 UTC,111.042,111.053,111.038,111.049,90.6
27.02.2026 17:29:00.000 UTC,111.049,111.051,111.034,111.037,120.9
27.02.2026 17:30:00.000 UTC,111.036,111.055,111.01,111.014,258.45
27.02.2026 17:31:00.000 UTC,111.014,111.049,110.978,111.03,212.25
27.02.2026 17:32:00.000 UTC,111.031,111.07,111.028,111.062,268.2
27.02.2026 17:33:00.000 UTC,111.062,111.069,111.031,111.051,150.6
27.02.2026 17:34:00.000 UTC,111.053,111.062,111.047,111.052,133.2
27.02.2026 17:35:00.000 UTC,111.052,111.058,111.028,111.046,244.8
27.02.2026 17:36:00.000 UTC,111.046,111.052,111.028,111.032,162.6
27.02.2026 17:37:00.000 UTC,111.032,111.044,111.017,111.037,200.62
27.02.2026 17:38:00.000 UTC,111.036,111.039,111.02,111.024,163.8
27.02.2026 17:39:00.000 UTC,111.024,111.034,110.995,111.006,162.6
27.02.2026 17:40:00.000 UTC,111.008,111.02,111.003,111.003,143.4
27.02.2026 17:41:00.000 UTC,111.005,111.011,110.991,110.997,149.4
27.02.2026 17:42:00.000 UTC,110.997,110.997,110.975,110.975,99
27.02.2026 17:43:00.000 UTC,110.978,111.02,110.977,111.02,110.1
27.02.2026 17:44:00.000 UTC,111.017,111.026,111.007,111.024,117.3
27.02.2026 17:45:00.000 UTC,111.022,111.026,111.005,111.005,152.4
27.02.2026 17:46:00.000 UTC,111.006,111.009,110.99,111,126.6
27.02.2026 17:47:00.000 UTC,111,111.002,110.974,110.984,109.42
27.02.2026 17:48:00.000 UTC,110.984,110.997,110.984,110.99,123.6
27.02.2026 17:49:00.000 UTC,110.99,110.998,110.985,110.995,140.7
27.02.2026 17:50:00.000 UTC,110.993,110.999,110.979,110.979,87.3
27.02.2026 17:51:00.000 UTC,110.98,110.991,110.976,110.988,108.3
27.02.2026 17:52:00.000 UTC,110.985,110.998,110.983,110.998,92.4
27.02.2026 17:53:00.000 UTC,111.001,111.02,110.999,111.015,85.2
27.02.2026 17:54:00.000 UTC,111.015,111.022,111.008,111.012,87
27.02.2026 17:55:00.000 UTC,111.014,111.028,111.014,111.027,88.2
27.02.2026 17:56:00.000 UTC,111.025,111.032,111.014,111.03,129.6
27.02.2026 17:57:00.000 UTC,111.032,111.046,111.028,111.041,112.2
27.02.2026 17:58:00.000 UTC,111.04,111.04,111.014,111.032,137.4
27.02.2026 17:59:00.000 UTC,111.033,111.042,111.026,111.041,100.2
27.02.2026 18:00:00.000 UTC,111.041,111.047,111.03,111.035,168
27.02.2026 18:01:00.000 UTC,111.035,111.043,111.024,111.032,112.5
27.02.2026 18:02:00.000 UTC,111.032,111.04,111.024,111.035,115.8
27.02.2026 18:03:00.000 UTC,111.034,111.043,111.027,111.031,114
27.02.2026 18:04:00.000 UTC,111.032,111.042,111.016,111.021,120.6
27.02.2026 18:05:00.000 UTC,111.021,111.024,111.003,111.003,87.6
27.02.2026 18:06:00.000 UTC,111.004,111.029,111.004,111.023,94.8
27.02.2026 18:07:00.000 UTC,111.021,111.028,111.018,111.028,81
27.02.2026 18:08:00.000 UTC,111.027,111.035,111.018,111.025,117.6
27.02.2026 18:09:00.000 UTC,111.025,111.036,111.021,111.034,130.2
27.02.2026 18:10:00.000 UTC,111.035,111.044,111.032,111.04,96.6
27.02.2026 18:11:00.000 UTC,111.042,111.062,111.042,111.05,96
27.02.2026 18:12:00.000 UTC,111.05,111.051,111.033,111.038,119.4
27.02.2026 18:13:00.000 UTC,111.039,111.041,111.031,111.037,70.8
27.02.2026 18:14:00.000 UTC,111.038,111.04,111.03,111.031,69.6
27.02.2026 18:15:00.000 UTC,111.03,111.047,111.025,111.042,108
27.02.2026 18:16:00.000 UTC,111.039,111.055,111.03,111.048,108.75
27.02.2026 18:17:00.000 UTC,111.048,111.048,111.035,111.035,58.95
27.02.2026 18:18:00.000 UTC,111.033,111.039,111.029,111.032,65.1
27.02.2026 18:19:00.000 UTC,111.032,111.032,111.006,111.006,78
27.02.2026 18:20:00.000 UTC,111.004,111.017,111,111.017,109.5
27.02.2026 18:21:00.000 UTC,111.014,111.02,110.988,110.988,127.8
27.02.2026 18:22:00.000 UTC,110.987,111.01,110.984,111.005,101.4
27.02.2026 18:23:00.000 UTC,111.003,111.012,111.003,111.006,77.4
27.02.2026 18:24:00.000 UTC,111.006,111.021,111.004,111.018,94.2
27.02.2026 18:25:00.000 UTC,111.018,111.019,110.997,110.999,105
27.02.2026 18:26:00.000 UTC,110.999,111.007,110.993,110.999,133.8
27.02.2026 18:27:00.000 UTC,110.999,111.007,110.991,111.007,123.6
27.02.2026 18:28:00.000 UTC,111.007,111.015,111.006,111.008,128.7
27.02.2026 18:29:00.000 UTC,111.009,111.023,110.997,111.019,120.6
27.02.2026 18:30:00.000 UTC,111.021,111.036,111.011,111.018,198
27.02.2026 18:31:00.000 UTC,111.019,111.032,111.018,111.029,138.6
27.02.2026 18:32:00.000 UTC,111.029,111.029,111.004,111.004,104.4
27.02.2026 18:33:00.000 UTC,111.004,111.005,110.989,110.997,132
27.02.2026 18:34:00.000 UTC,110.999,111.007,110.993,110.997,86.4
27.02.2026 18:35:00.000 UTC,110.999,111.006,110.982,110.982,100.8
27.02.2026 18:36:00.000 UTC,110.985,111.003,110.981,111,102.6
27.02.2026 18:37:00.000 UTC,110.997,110.997,110.977,110.991,95.4
27.02.2026 18:38:00.000 UTC,110.992,111.006,110.991,111.006,52.8
27.02.2026 18:39:00.000 UTC,111.01,111.017,111.001,111.012,108.6
27.02.2026 18:40:00.000 UTC,111.012,111.034,111.011,111.027,109.2
27.02.2026 18:41:00.000 UTC,111.028,111.031,111.017,111.027,104.4
27.02.2026 18:42:00.000 UTC,111.026,111.05,111.026,111.05,112.8
27.02.2026 18:43:00.000 UTC,111.048,111.049,111.033,111.047,124.8
27.02.2026 18:44:00.000 UTC,111.045,111.059,111.045,111.058,88.2
27.02.2026 18:45:00.000 UTC,111.057,111.067,111.043,111.046,86.4
27.02.2026 18:46:00.000 UTC,111.049,111.057,111.035,111.037,107.1
27.02.2026 18:47:00.000 UTC,111.038,111.06,111.034,111.051,89.4
27.02.2026 18:48:00.000 UTC,111.051,111.054,111.038,111.044,91.2
27.02.2026 18:49:00.000 UTC,111.045,111.045,111.026,111.033,101.7
27.02.2026 18:50:00.000 UTC,111.034,111.037,111.012,111.019,57
27.02.2026 18:51:00.000 UTC,111.021,111.036,111.016,111.032,60.6
27.02.2026 18:52:00.000 UTC,111.032,111.043,111.022,111.043,82.95
27.02.2026 18:53:00.000 UTC,111.041,111.055,111.03,111.05,125.1
27.02.2026 18:54:00.000 UTC,111.049,111.051,111.03,111.04,80.1
27.02.2026 18:55:00.000 UTC,111.04,111.042,111.032,111.035,66
27.02.2026 18:56:00.000 UTC,111.034,111.034,111.02,111.02,46.8
27.02.2026 18:57:00.000 UTC,111.023,111.039,111.021,111.029,96
27.02.2026 18:58:00.000 UTC,111.027,111.041,111.021,111.037,129
27.02.2026 18:59:00.000 UTC,111.037,111.045,111.035,111.041,111
27.02.2026 19:00:00.000 UTC,111.04,111.05,111.031,111.041,145.2
27.02.2026 19:01:00.000 UTC,111.041,111.043,111.022,111.032,78.45
27.02.2026 19:02:00.000 UTC,111.032,111.045,111.027,111.043,78.3
27.02.2026 19:03:00.000 UTC,111.042,111.053,111.042,111.051,69.6
27.02.2026 19:04:00.000 UTC,111.051,111.06,111.048,111.058,76.2
27.02.2026 19:05:00.000 UTC,111.06,111.061,111.042,111.052,76.8
27.02.2026 19:06:00.000 UTC,111.052,111.076,111.05,111.072,102
27.02.2026 19:07:00.000 UTC,111.072,111.072,111.055,111.055,67.8
27.02.2026 19:08:00.000 UTC,111.056,111.056,111.037,111.038,64.8
27.02.2026 19:09:00.000 UTC,111.035,111.045,111.023,111.033,72.3
27.02.2026 19:10:00.000 UTC,111.034,111.039,111.011,111.011,113.1
27.02.2026 19:11:00.000 UTC,111.012,111.022,111.009,111.014,135.6
27.02.2026 19:12:00.000 UTC,111.014,111.025,111.014,111.018,82.8
27.02.2026 19:13:00.000 UTC,111.018,111.034,111.017,111.03,106.2
27.02.2026 19:14:00.000 UTC,111.028,111.029,111.012,111.012,84.6
27.02.2026 19:15:00.000 UTC,111.01,111.011,110.996,110.999,78
27.02.2026 19:16:00.000 UTC,110.997,111.002,110.994,110.996,71.4
27.02.2026 19:17:00.000 UTC,110.999,111.007,110.992,110.995,75.6
27.02.2026 19:18:00.000 UTC,110.997,111.017,110.996,111.005,94.35
27.02.2026 19:19:00.000 UTC,111.004,111.007,110.994,110.994,99.9
27.02.2026 19:20:00.000 UTC,110.996,111.001,110.986,110.988,99.6
27.02.2026 19:21:00.000 UTC,110.989,110.989,110.977,110.978,96.6
27.02.2026 19:22:00.000 UTC,110.978,110.978,110.95,110.95,62.4
27.02.2026 19:23:00.000 UTC,110.952,110.956,110.945,110.945,50.4
27.02.2026 19:24:00.000 UTC,110.946,110.952,110.94,110.945,78.9
27.02.2026 19:25:00.000 UTC,110.945,110.958,110.939,110.939,102.6
27.02.2026 19:26:00.000 UTC,110.94,110.947,110.935,110.943,105.9
27.02.2026 19:27:00.000 UTC,110.942,110.959,110.942,110.948,75.3
27.02.2026 19:28:00.000 UTC,110.948,110.951,110.933,110.934,75.6
27.02.2026 19:29:00.000 UTC,110.933,110.943,110.931,110.933,76.2
27.02.2026 19:30:00.000 UTC,110.932,110.933,110.916,110.921,126.9
27.02.2026 19:31:00.000 UTC,110.921,110.928,110.919,110.926,77.4
27.02.2026 19:32:00.000 UTC,110.928,110.936,110.927,110.927,61.2
27.02.2026 19:33:00.000 UTC,110.927,110.939,110.927,110.936,59.4
27.02.2026 19:34:00.000 UTC,110.934,110.951,110.934,110.943,87.6
27.02.2026 19:35:00.000 UTC,110.941,110.955,110.938,110.953,93.75
27.02.2026 19:36:00.000 UTC,110.953,110.955,110.946,110.953,85.2
27.02.2026 19:37:00.000 UTC,110.954,110.963,110.951,110.951,96
27.02.2026 19:38:00.000 UTC,110.951,110.962,110.949,110.96,62.4
27.02.2026 19:39:00.000 UTC,110.961,110.972,110.96,110.965,58.8
27.02.2026 19:40:00.000 UTC,110.963,110.965,110.944,110.945,62.4
27.02.2026 19:41:00.000 UTC,110.945,110.956,110.933,110.953,69
27.02.2026 19:42:00.000 UTC,110.953,110.953,110.941,110.948,55.8
27.02.2026 19:43:00.000 UTC,110.946,110.948,110.932,110.932,75
27.02.2026 19:44:00.000 UTC,110.932,110.936,110.924,110.935,98.4
27.02.2026 19:45:00.000 UTC,110.938,110.95,110.931,110.95,100.8
27.02.2026 19:46:00.000 UTC,110.95,110.95,110.93,110.931,76.8
27.02.2026 19:47:00.000 UTC,110.931,110.938,110.927,110.931,66
27.02.2026 19:48:00.000 UTC,110.931,110.931,110.915,110.917,47.7
27.02.2026 19:49:00.000 UTC,110.916,110.917,110.905,110.906,29.4
27.02.2026 19:50:00.000 UTC,110.907,110.909,110.901,110.907,46.2
27.02.2026 19:51:00.000 UTC,110.908,110.919,110.906,110.917,50.4
27.02.2026 19:52:00.000 UTC,110.916,110.927,110.916,110.925,57.6
27.02.2026 19:53:00.000 UTC,110.925,110.939,110.925,110.938,59.4
27.02.2026 19:54:00.000 UTC,110.939,110.953,110.937,110.942,86.4
27.02.2026 19:55:00.000 UTC,110.942,110.951,110.928,110.951,90.6
27.02.2026 19:56:00.000 UTC,110.947,110.972,110.947,110.971,118.95
27.02.2026 19:57:00.000 UTC,110.969,110.98,110.963,110.98,108.15
27.02.2026 19:58:00.000 UTC,110.98,110.98,110.962,110.978,132.3
27.02.2026 19:59:00.000 UTC,110.977,110.997,110.976,110.992,125.4
27.02.2026 20:00:00.000 UTC,110.992,111,110.989,110.997,143.4
27.02.2026 20:01:00.000 UTC,110.997,110.999,110.985,110.994,92.4
27.02.2026 20:02:00.000 UTC,110.995,111.023,110.995,111.011,67.5
27.02.2026 20:03:00.000 UTC,111.013,111.015,111.009,111.013,23.4
27.02.2026 20:04:00.000 UTC,111.018,111.024,110.988,110.99,74.1
27.02.2026 20:05:00.000 UTC,110.99,111.003,110.987,111,49.8
27.02.2026 20:06:00.000 UTC,111.001,111.008,110.994,110.997,6
27.02.2026 20:07:00.000 UTC,110.997,111.004,110.993,111.004,41.4
27.02.2026 20:08:00.000 UTC,111.005,111.014,111.003,111.009,46.8
27.02.2026 20:09:00.000 UTC,111.01,111.015,111.002,111.014,39.6
27.02.2026 20:10:00.000 UTC,111.011,111.036,111.009,111.035,51
27.02.2026 20:11:00.000 UTC,111.038,111.043,111.03,111.041,33
27.02.2026 20:12:00.000 UTC,111.044,111.068,111.042,111.067,62.4
27.02.2026 20:13:00.000 UTC,111.064,111.064,111.057,111.057,28.2
27.02.2026 20:14:00.000 UTC,111.059,111.067,111.059,111.066,51.6
27.02.2026 20:15:00.000 UTC,111.071,111.08,111.068,111.077,55.2
27.02.2026 20:16:00.000 UTC,111.078,111.09,111.075,111.086,86.4
27.02.2026 20:17:00.000 UTC,111.088,111.109,111.088,111.106,94.8
27.02.2026 20:18:00.000 UTC,111.106,111.109,111.094,111.103,58.8
27.02.2026 20:19:00.000 UTC,111.106,111.117,111.104,111.108,78.3
27.02.2026 20:20:00.000 UTC,111.106,111.106,111.092,111.092,52.2
27.02.2026 20:21:00.000 UTC,111.09,111.1,111.087,111.099,45
27.02.2026 20:22:00.000 UTC,111.095,111.098,111.086,111.092,67.2
27.02.2026 20:23:00.000 UTC,111.092,111.104,111.09,111.104,53.4
27.02.2026 20:24:00.000 UTC,111.104,111.119,111.104,111.112,45
27.02.2026 20:25:00.000 UTC,111.113,111.117,111.095,111.097,99.6
27.02.2026 20:26:00.000 UTC,111.1,111.113,111.097,111.112,69.6
27.02.2026 20:27:00.000 UTC,111.108,111.115,111.095,111.102,79.8
27.02.2026 20:28:00.000 UTC,111.102,111.107,111.095,111.096,82.8
27.02.2026 20:29:00.000 UTC,111.097,111.1,111.091,111.099,56.4
27.02.2026 20:30:00.000 UTC,111.099,111.118,111.097,111.109,60.75
27.02.2026 20:31:00.000 UTC,111.107,111.111,111.095,111.101,54
27.02.2026 20:32:00.000 UTC,111.099,111.099,111.086,111.09,19.8
27.02.2026 20:33:00.000 UTC,111.087,111.09,111.082,111.084,26.4
27.02.2026 20:34:00.000 UTC,111.081,111.083,111.065,111.065,45
27.02.2026 20:35:00.000 UTC,111.064,111.074,111.062,111.064,61.8
27.02.2026 20:36:00.000 UTC,111.067,111.07,111.057,111.057,49.2
27.02.2026 20:37:00.000 UTC,111.057,111.062,111.046,111.053,46.2
27.02.2026 20:38:00.000 UTC,111.051,111.051,111.035,111.043,76.5
27.02.2026 20:39:00.000 UTC,111.046,111.062,111.046,111.057,69
27.02.2026 20:40:00.000 UTC,111.058,111.059,111.049,111.052,72
27.02.2026 20:41:00.000 UTC,111.052,111.057,111.038,111.039,55.8
27.02.2026 20:42:00.000 UTC,111.041,111.059,111.039,111.059,39
27.02.2026 20:43:00.000 UTC,111.061,111.077,111.061,111.072,63.6
27.02.2026 20:44:00.000 UTC,111.073,111.076,111.057,111.062,81.6
27.02.2026 20:45:00.000 UTC,111.06,111.077,111.06,111.077,9
27.02.2026 20:46:00.000 UTC,111.077,111.078,111.072,111.076,83.4
27.02.2026 20:47:00.000 UTC,111.074,111.082,111.067,111.067,70.5
27.02.2026 20:48:00.000 UTC,111.069,111.081,111.059,111.079,121.8
27.02.2026 20:49:00.000 UTC,111.079,111.085,111.068,111.071,92.4
27.02.2026 20:50:00.000 UTC,111.071,111.085,111.062,111.071,152.55
27.02.2026 20:51:00.000 UTC,111.07,111.07,111.057,111.062,54.6
27.02.2026 20:52:00.000 UTC,111.062,111.063,111.049,111.049,94.8
27.02.2026 20:53:00.000 UTC,111.051,111.059,111.047,111.05,72
27.02.2026 20:54:00.000 UTC,111.052,111.066,111.049,111.059,77.1
27.02.2026 20:55:00.000 UTC,111.06,111.073,111.055,111.069,108.9
27.02.2026 20:56:00.000 UTC,111.07,111.095,111.068,111.086,114
27.02.2026 20:57:00.000 UTC,111.084,111.116,111.084,111.114,177.9
27.02.2026 20:58:00.000 UTC,111.114,111.152,111.108,111.149,80.4
27.02.2026 20:59:00.000 UTC,111.149,111.166,111.132,111.151,76.5
27.02.2026 21:00:00.000 UTC,111.149,111.149,111.113,111.131,101.7
27.02.2026 21:01:00.000 UTC,111.127,111.148,111.119,111.147,58.5
27.02.2026 21:02:00.000 UTC,111.148,111.156,111.143,111.149,49.5
27.02.2026 21:03:00.000 UTC,111.148,111.148,111.125,111.128,18
27.02.2026 21:04:00.000 UTC,111.129,111.129,111.115,111.117,27
27.02.2026 21:05:00.000 UTC,111.115,111.136,111.115,111.131,21.6
27.02.2026 21:06:00.000 UTC,111.13,111.136,111.127,111.136,15.6
27.02.2026 21:07:00.000 UTC,111.134,111.137,111.118,111.118,27
27.02.2026 21:08:00.000 UTC,111.116,111.116,111.099,111.099,9.6
27.02.2026 21:09:00.000 UTC,111.101,111.101,111.089,111.089,14.4
27.02.2026 21:10:00.000 UTC,111.088,111.088,111.08,111.08,18
27.02.2026 21:11:00.000 UTC,111.077,111.084,111.077,111.077,24
27.02.2026 21:12:00.000 UTC,111.079,111.088,111.079,111.085,15.6
27.02.2026 21:13:00.000 UTC,111.084,111.085,111.082,111.084,17.4
27.02.2026 21:14:00.000 UTC,111.083,111.085,111.074,111.075,25.8
27.02.2026 21:15:00.000 UTC,111.081,111.083,111.072,111.076,27.6
27.02.2026 21:16:00.000 UTC,111.074,111.081,111.071,111.079,34.2
27.02.2026 21:17:00.000 UTC,111.081,111.088,111.074,111.075,26.4
27.02.2026 21:18:00.000 UTC,111.079,111.082,111.074,111.08,8.4
27.02.2026 21:19:00.000 UTC,111.078,111.083,111.07,111.072,24
27.02.2026 21:20:00.000 UTC,111.069,111.078,111.067,111.071,20.4
27.02.2026 21:21:00.000 UTC,111.068,111.07,111.054,111.064,47.7
27.02.2026 21:22:00.000 UTC,111.07,111.07,111.057,111.058,29.4
27.02.2026 21:23:00.000 UTC,111.056,111.063,111.054,111.054,18.6
27.02.2026 21:24:00.000 UTC,111.057,111.062,111.053,111.055,24
27.02.2026 21:25:00.000 UTC,111.056,111.061,111.032,111.041,52.5
27.02.2026 21:26:00.000 UTC,111.038,111.041,111.029,111.036,3
27.02.2026 21:27:00.000 UTC,111.035,111.044,111.032,111.044,16.8
27.02.2026 21:28:00.000 UTC,111.042,111.046,111.037,111.037,31.2
27.02.2026 21:29:00.000 UTC,111.032,111.034,111.016,111.02,26.7
27.02.2026 21:30:00.000 UTC,111.019,111.02,111.01,111.011,34.8
27.02.2026 21:31:00.000 UTC,111.01,111.012,111.01,111.011,12
27.02.2026 21:32:00.000 UTC,111.01,111.039,111.01,111.039,37.8
27.02.2026 21:33:00.000 UTC,111.04,111.063,111.037,111.063,52.2
27.02.2026 21:34:00.000 UTC,111.063,111.063,111.057,111.062,24
27.02.2026 21:35:00.000 UTC,111.061,111.07,111.052,111.069,46.2
27.02.2026 21:36:00.000 UTC,111.068,111.083,111.068,111.08,52.2
27.02.2026 21:37:00.000 UTC,111.08,111.082,111.075,111.078,34.2
27.02.2026 21:38:00.000 UTC,111.078,111.085,111.075,111.083,34.8
27.02.2026 21:39:00.000 UTC,111.082,111.091,111.08,111.087,57.6
27.02.2026 21:40:00.000 UTC,111.088,111.099,111.084,111.087,55.8
27.02.2026 21:41:00.000 UTC,111.086,111.103,111.086,111.1,25.05
27.02.2026 21:42:00.000 UTC,111.101,111.101,111.081,111.09,44.4
27.02.2026 21:43:00.000 UTC,111.089,111.1,111.082,111.085,60.72
27.02.2026 21:44:00.000 UTC,111.088,111.1,111.085,111.094,39.6
27.02.2026 21:45:00.000 UTC,111.095,111.095,111.055,111.056,6
27.02.2026 21:46:00.000 UTC,111.058,111.064,111.047,111.056,69
27.02.2026 21:47:00.000 UTC,111.054,111.065,111.049,111.05,40.8
27.02.2026 21:48:00.000 UTC,111.053,111.058,111.044,111.049,34.8
27.02.2026 21:49:00.000 UTC,111.051,111.058,111.045,111.048,89.4
27.02.2026 21:50:00.000 UTC,111.049,111.052,111.032,111.042,227.4
27.02.2026 21:51:00.000 UTC,111.043,111.05,111.035,111.047,153.6
27.02.2026 21:52:00.000 UTC,111.049,111.049,111.023,111.031,142.8
27.02.2026 21:53:00.000 UTC,111.029,111.044,111.022,111.044,109.8
27.02.2026 21:54:00.000 UTC,111.043,111.095,111.041,111.083,262.8
27.02.2026 21:55:00.000 UTC,111.071,111.079,111.067,111.069,140.4
27.02.2026 21:56:00.000 UTC,111.071,111.078,111.052,111.062,309.6
27.02.2026 21:57:00.000 UTC,111.06,111.065,111.02,111.021,159.6
27.02.2026 21:58:00.000 UTC,111.03,111.03,110.997,111.011,345.9
27.02.2026 21:59:00.000 UTC,111.011,111.031,110.999,111.016,60.15
27.02.2026 12:09:00.000 UTC,,,,,
